dTime,temperature,light_intensity,wind_speed,humidity
20210501-00:00,14.97,1067663.33,1.645752108,70.18
20210501-01:00,15.53,1704742.18,1.892643654,69.9
20210501-02:00,20.68,2245441.85,1.893805692,46.24
20210501-03:00,20.97,2643048.53,1.99271172,40.41
20210501-04:00,21.11,2861803.15,2.090095692,39.43
20210501-05:00,23.66,2878320.43,2.064000969,33.02
20210501-06:00,23.74,2692543.61,1.988416455,33.39
20210501-07:00,23.7,2317868.13,1.659789143,34.33
20210501-08:00,24.32,1796807.56,1.230365799,35.4
20210501-09:00,24.43,1182546.4,0.519711458,35.54
20210501-10:00,19.43,557330.47,1.185116028,67.48
20210501-11:00,18.46,92803.27,2.546566316,61.52
20210501-12:00,18.93,0,2.522399651,57.65
20210501-13:00,18.81,0,3.149682524,58.72
20210501-14:00,17.18,0,3.655571091,64.83
20210501-15:00,17.07,0,4.158088503,67.22
20210501-16:00,17.03,0,3.936051321,68.48
20210501-17:00,16.14,0,5.197172308,68.38
20210501-18:00,16.08,0,6.303499028,50.79
20210501-19:00,15.15,0,6.031227072,41.64
20210501-20:00,12.85,0,5.786129967,44.75
20210501-21:00,12.83,0,5.281912532,46.08
20210501-22:00,15.68,48189.59,4.980542139,35.03
20210501-23:00,15.67,451131.74,4.634058696,42.1
20210502-00:00,15.77,1064969.99,5.263962386,44.53
20210502-01:00,15.83,1694951.44,5.297593793,45.46
20210502-02:00,18.82,2235838.84,5.199942307,36.47
20210502-03:00,18.71,2594550.59,5.264465785,35.4
20210502-04:00,18.75,2743800.19,5.103175482,34.79
20210502-05:00,20.18,2743173.57,4.859711926,33.54
20210502-06:00,20.19,2617393.75,4.698638101,32.74
20210502-07:00,20.22,1997609.13,4.736464927,32.28
20210502-08:00,19.2,1501382.67,4.616503006,37.34
20210502-09:00,19.23,940728.24,4.058990022,39
20210502-10:00,17.01,418867.31,3.375351834,48.78
20210502-11:00,17.16,70124.53,3.17,48.67
20210502-12:00,17.49,0,3.890462697,48.7
20210502-13:00,17.49,0,4.743374326,49.7
20210502-14:00,16.46,0,5.411922025,53.76
20210502-15:00,15.46,0,5.384876972,56.38
20210502-16:00,15.22,0,5.004328127,55.67
20210502-17:00,14.29,0,4.704763543,58.6
20210502-18:00,14.25,0,4.56303627,58.84
20210502-19:00,14.29,0,4.66472936,59.26
20210502-20:00,13.46,0,4.464302857,66.48
20210502-21:00,13.38,0,4.410725564,68.35
20210502-22:00,16.07,48192.81,4.809261898,65.53
20210502-23:00,16.32,430032.55,4.876474136,65.6
20210503-00:00,16.46,958489.37,5.456308276,64.78
20210503-01:00,16.92,1630289.49,5.12039061,63.75
20210503-02:00,21.59,2133245.1,4.687771325,57.98
20210503-03:00,22.17,2532043.01,4.898132297,56.22
20210503-04:00,23.1,2742630.11,5.17880295,53.41
20210503-05:00,24.77,2690835.23,4.911537438,56.05
20210503-06:00,25.39,2146875.33,4.136786192,55.08
20210503-07:00,25.72,1487285.63,3.172774811,53.52
20210503-08:00,24.02,833148.01,1.611862277,63.11
20210503-09:00,23.89,479443.46,0.976217189,66.21
20210503-10:00,21.76,196559.32,2.438216561,80.16
20210503-11:00,20.75,38221.45,2.652772135,82.28
20210503-12:00,20.14,0,2.456603346,83.57
20210503-13:00,19.83,0,2.277586442,85.4
20210503-14:00,19.5,0,1.810994202,90.68
20210503-15:00,18.53,0,1.659397481,97.57
20210503-16:00,20.13,0,1.94833262,88.08
20210503-17:00,18.59,0,2.39827021,96.98
20210503-18:00,18.48,0,2.089712899,98.03
20210503-19:00,18.72,0,0.902718118,97.71
20210503-20:00,18.45,0,2.770072201,98.42
20210503-21:00,18.41,0,3.63209306,99.97
20210503-22:00,18.38,8746.07,4.088924064,95.23
20210503-23:00,17.92,141356.88,3.698175226,95.8
20210504-00:00,17.27,306008.46,4.240106131,96.68
20210504-01:00,16.1,395377.74,5.533552205,98.48
20210504-02:00,16.8,365887,5.596972396,88.22
20210504-03:00,16.18,421616.64,6.077014069,90.76
20210504-04:00,17.55,1316991.35,6.920325137,82.55
20210504-05:00,20.91,1730254.15,7.030348498,64.99
20210504-06:00,21.88,2066706.48,6.197757659,61.33
20210504-07:00,22.46,1966460.39,5.509237697,58.9
20210504-08:00,22.87,1545348.34,4.746630384,52.51
20210504-09:00,22.49,1083588.41,3.974644638,53.35
20210504-10:00,19.04,511882.97,3.59923603,58.84
20210504-11:00,19.55,89537.47,4.143669871,50.13
20210504-12:00,19.77,0,3.347013594,45.05
20210504-13:00,18.52,0,2.163330765,50.83
20210504-14:00,15.59,0,2.388053601,68.55
20210504-15:00,15.9,0,2.422003303,70.22
20210504-16:00,15.74,0,2.265502152,73.85
20210504-17:00,13.44,0,2.23725278,85.22
20210504-18:00,12.97,0,2.464568928,85.93
20210504-19:00,12.67,0,2.910841803,87.69
20210504-20:00,10.78,0,2.900792995,94.82
20210504-21:00,11.4,0,2.878628145,91.34
20210504-22:00,17.25,58308.68,1.978004044,70.68
20210504-23:00,18.73,482616.5,2.401686907,63.3
20210505-00:00,19.12,1094138.52,2.301695028,59.54
20210505-01:00,19.53,1738980.54,2.561288738,59.12
20210505-02:00,24.9,2281043.79,2.731483114,43.94
20210505-03:00,25.01,2659351.11,2.47018218,44.25
20210505-04:00,24.9,2611893,2.095542889,42.31
20210505-05:00,26.6,2667779.31,2.367994932,30.22
20210505-06:00,26.36,2346885.56,2.558007037,30.26
20210505-07:00,25.61,1920045.39,2.526044338,36.38
20210505-08:00,25.33,1578109.43,2.590945773,41.14
20210505-09:00,25.38,1012684.79,1.950589654,40.61
20210505-10:00,20.8,504617.16,1.855855598,57.57
20210505-11:00,20.13,98479.82,2.410186715,61.4
20210505-12:00,20.38,0,2.592624153,60.31
20210505-13:00,20.83,0,3.029884486,56.83
20210505-14:00,19.06,0,3.353595086,58.31
20210505-15:00,17.96,0,3.411421991,60.99
20210505-16:00,17.86,0,3.28975683,59.39
20210505-17:00,16.96,0,3.396483476,62.96
20210505-18:00,16.68,0,3.502741783,63.91
20210505-19:00,16.24,0,3.445025399,67.12
20210505-20:00,16.39,0,3.374285109,68.75
20210505-21:00,15.96,0,3.360372003,72.33
20210505-22:00,19.51,47740.94,3.643967618,63.57
20210505-23:00,19.59,332998.68,4.188758766,63.1
20210506-00:00,19.52,636028.36,3.889588667,63.89
20210506-01:00,20.09,1147863.85,3.819973822,61.45
20210506-02:00,23.66,1213159.96,3.917167344,54.17
20210506-03:00,24.21,1860911.05,4.247034259,51.05
20210506-04:00,24.82,2137725.81,5.125699952,47.07
20210506-05:00,25.97,2330669.33,6.096498995,43.11
20210506-06:00,25.67,1996826.64,6.37937301,43.3
20210506-07:00,25.93,1741078.79,6.09075529,43.03
20210506-08:00,24.62,1093554.24,5.55511476,50.83
20210506-09:00,24.58,721541.92,5.723154724,51
20210506-10:00,21.76,267980.25,5.529059595,64.05
20210506-11:00,22.14,60425.81,5.634687214,62.03
20210506-12:00,22.21,0,5.805273465,61.26
20210506-13:00,21.99,0,5.876061606,61.25
20210506-14:00,20.55,0,5.502762942,67.46
20210506-15:00,19.86,0,5.305186142,71.32
20210506-16:00,19.72,0,5.323795638,73.08
20210506-17:00,18.93,0,5.372494765,77.52
20210506-18:00,18.99,0,5.258184097,77.44
20210506-19:00,18.88,0,4.93,78.99
20210506-20:00,17.83,0,4.465870576,86.92
20210506-21:00,18,0,4.102742985,88.54
20210506-22:00,20.04,56121.82,3.504625515,77.37
20210506-23:00,20.37,406953.95,3.524769496,76.48
20210507-00:00,20.78,1065625.43,3.726459446,67.64
20210507-01:00,21.03,1713051.05,4.478448392,48.42
20210507-02:00,23.8,2243684.16,3.915635325,29.94
20210507-03:00,23.45,2373441.03,2.772219328,30.13
20210507-04:00,23.42,2551658.57,2.210701246,30.63
20210507-05:00,24.89,2774996.63,2.559726548,28.61
20210507-06:00,24.56,2213226.4,1.648423489,28.64
20210507-07:00,23.19,2117380.68,2.772002886,40.58
20210507-08:00,23.37,1500469.44,2.628402557,35.19
20210507-09:00,23.37,946341.96,1.965146305,38.24
20210507-10:00,19.76,530406.66,1.507348666,58.34
20210507-11:00,17.57,115150.73,2.876125867,66.76
20210507-12:00,17.61,0,2.596497641,69.33
20210507-13:00,17.91,0,2.596247292,69.52
20210507-14:00,15.5,0,2.947303853,80.14
20210507-15:00,14.32,0,3.020264889,84.59
20210507-16:00,13.97,0,3.013901126,85.85
20210507-17:00,12.96,0,2.857271426,89.07
20210507-18:00,13.21,0,2.755449147,86.82
20210507-19:00,14.07,0,2.294907406,81.32
20210507-20:00,13.66,0,2.450816191,81.42
20210507-21:00,13.63,0,2.491284809,79.21
20210507-22:00,18.93,67482.63,2.737535388,67.09
20210507-23:00,19.35,487324.21,3.615190175,66.1
20210508-00:00,19.82,1114645.7,3.522300385,64.59
20210508-01:00,20.18,1757286.06,4.151204644,64.15
20210508-02:00,26.35,2301846.65,4.612125324,48.13
20210508-03:00,26.47,2697618.03,5.007524338,46.78
20210508-04:00,26.62,2911605.1,5.243138373,46.93
20210508-05:00,29.82,2921282.91,5.388617633,40.2
20210508-06:00,29.85,2728462.51,5.372075949,41.53
20210508-07:00,29.87,2348820.8,5.258564443,44.04
20210508-08:00,29.44,1825483.47,4.951009998,48.62
20210508-09:00,29.51,1208933.57,3.84584191,49.73
20210508-10:00,24.65,587346.69,2.343608329,63.42
20210508-11:00,24.58,114379.23,2.280898946,68.88
20210508-12:00,24.01,0,2.669475604,74.67
20210508-13:00,23.37,0,2.871671987,78.49
20210508-14:00,20.9,0,2.30633909,83.35
20210508-15:00,20.49,0,1.74691156,87.95
20210508-16:00,20.22,0,1.790670266,89.48
20210508-17:00,18.92,0,1.730462366,92.26
20210508-18:00,19.17,0,1.056882207,92.94
20210508-19:00,19.89,0,2.433105012,91.8
20210508-20:00,18.98,0,2.732325017,94.78
20210508-21:00,18.68,0,2.656990779,92.48
20210508-22:00,21.21,64065.95,3.082336776,76.31
20210508-23:00,21.56,463799.01,2.967086113,74.98
20210509-00:00,22.23,1052353.68,2.662705391,74.4
20210509-01:00,22.97,1646619.31,2.630076045,73.82
20210509-02:00,28.11,2166864.28,2.468136949,62.14
20210509-03:00,28.33,2551669.59,2.472589735,60.18
20210509-04:00,28.49,2765671.06,2.927200027,56.83
20210509-05:00,30.91,2791215.01,3.446461954,52.13
20210509-06:00,31.06,2623306.16,3.713812058,49.36
20210509-07:00,31.07,2279938.8,3.749733324,47.36
20210509-08:00,30.91,1775701.37,3.488624371,48.41
20210509-09:00,30.65,1182571.02,2.653450584,49.88
20210509-10:00,26.57,579052.8,1.722353042,66.03
20210509-11:00,25.94,115288.33,2.376215478,70.33
20210509-12:00,25.71,0,2.285694643,71.65
20210509-13:00,25.9,0,2.595380512,70.91
20210509-14:00,24.66,0,2.979546945,74.41
20210509-15:00,23.54,0,3.089336498,76.9
20210509-16:00,23.09,0,3.200562451,77.69
20210509-17:00,22.13,0,3.32001506,79.99
20210509-18:00,22.11,0,3.253013987,79.1
20210509-19:00,21.83,0,3.305041603,80.9
20210509-20:00,20.53,0,3.075467444,85.1
20210509-21:00,20.48,0,2.510975906,86.22
20210509-22:00,24.46,69082.17,1.89066126,76.9
20210509-23:00,24.75,482894.05,1.383112432,74.56
20210510-00:00,24.67,1079874.49,0.646606526,73.73
20210510-01:00,25.61,1683658.82,0.873670418,71.76
20210510-02:00,29.28,2198516.31,0.888650663,59.74
20210510-03:00,30.01,2575024.28,0.25,57.5
20210510-04:00,30.42,2743979.6,0.17,55.54
20210510-05:00,30.93,2558531.15,0.667083203,51.59
20210510-06:00,31.24,2247825.65,0.907854614,50.21
20210510-07:00,31.32,1935249.79,1.494021419,49.01
20210510-08:00,30.53,1503538.05,1.958979326,52.21
20210510-09:00,29.71,978818.68,1.465366848,55.05
20210510-10:00,25.08,458803.55,1.282263623,72.13
20210510-11:00,24.08,102756.12,2.589903473,75.33
20210510-12:00,24,0,4.341900506,77.85
20210510-13:00,24.19,0,6.3214318,74.92
20210510-14:00,20.12,0,6.100819617,78.5
20210510-15:00,18.18,0,5.628223521,82.45
20210510-16:00,17.83,0,5.383651177,84.33
20210510-17:00,16.9,0,4.96632661,88.07
20210510-18:00,16.79,0,4.864123765,88.52
20210510-19:00,16.61,0,4.914804167,88.55
20210510-20:00,15.98,0,4.687216658,88.41
20210510-21:00,15.96,0,4.73016913,87.76
20210510-22:00,15.95,35196.66,4.166593333,89.25
20210510-23:00,16.11,198257.54,4.63146845,89.15
20210511-00:00,16.19,286279.2,4.881936091,90.47
20210511-01:00,16.48,585679.53,5.511125112,90.1
20210511-02:00,17.96,637425.63,4.893955455,83.13
20210511-03:00,18.3,986584.01,4.214736053,81.02
20210511-04:00,18.8,1118079.31,4.005246559,78.39
20210511-05:00,19.64,1055427.34,3.763509001,75.39
20210511-06:00,20.01,1093200.29,3.460939179,75.48
20210511-07:00,20.65,1422250.96,3.373796082,73.95
20210511-08:00,21.03,579374.57,3.056550343,73.34
20210511-09:00,20.92,373355.79,2.99736551,73.48
20210511-10:00,19.88,264297.05,1.549322433,78.98
20210511-11:00,19.82,71058.59,1.626345597,75.82
20210511-12:00,18.92,0,1.996496932,76.63
20210511-13:00,18.23,0,1.993614807,78.53
20210511-14:00,17.12,0,2.133354167,83.06
20210511-15:00,16.4,0,2.197384809,87.4
20210511-16:00,16.24,0,1.938298223,88.22
20210511-17:00,15.21,0,1.687720356,93.17
20210511-18:00,15.1,0,1.717236151,92.86
20210511-19:00,15.06,0,1.812401721,92.78
20210511-20:00,14.76,0,1.74416169,93.29
20210511-21:00,14.73,0,1.555892027,92.96
20210511-22:00,16.8,60379.92,2.005716829,85.52
20210511-23:00,17.09,402040.51,1.796941847,83.89
20210512-00:00,17.38,897071.05,1.941648784,85.31
20210512-01:00,17.76,1366272.36,2.100214275,87.59
20210512-02:00,20.72,1675718.94,2.266296538,76.57
20210512-03:00,21.15,2115698.21,2.080865205,75.24
20210512-04:00,21.73,2469660.08,1.921275618,73.95
20210512-05:00,23.32,2316841.34,1.920104164,69
20210512-06:00,23.29,2063053.06,2.21,68.89
20210512-07:00,23.59,1783851.85,2.640927867,68.18
20210512-08:00,23.49,1322894.12,2.947626164,70.22
20210512-09:00,22.91,742262.48,2.918938163,72.53
20210512-10:00,21.05,312004.94,2.707397274,80.65
20210512-11:00,21.26,79877.36,2.186595527,80.64
20210512-12:00,21.17,0,2.39520354,82.01
20210512-13:00,21.39,0,2.802641611,82.78
20210512-14:00,21.13,0,2.736293113,86.18
20210512-15:00,21.21,0,2.482438317,88.7
20210512-16:00,20.93,0,2.283965849,91.23
20210512-17:00,20.56,0,1.965960325,93.56
20210512-18:00,20.58,0,1.668202626,93.7
20210512-19:00,21.27,0,1.780365131,91.58
20210512-20:00,21.56,0,2.04318379,91.64
20210512-21:00,21.49,0,1.780252791,91.33
20210512-22:00,21.81,9892.28,2.213255521,89.06
20210512-23:00,21,65266.34,2.591138746,91.93
20210513-00:00,20.12,140053.01,2.841777613,95
20210513-01:00,18.96,211191.05,2.942006118,99.21
20210513-02:00,20.15,266197.63,3.499842854,94.05
20210513-03:00,19.9,466501.36,3.855502561,93.64
20210513-04:00,20.35,618467.72,3.582764296,90.7
20210513-05:00,21.76,722267.69,3.531529414,85.8
20210513-06:00,21.77,630096.05,3.676003264,85.84
20210513-07:00,21.73,465817.34,3.758257575,85.67
20210513-08:00,21.4,312368.95,3.478692283,88.01
20210513-09:00,21.83,237525.8,3.366437286,86.03
20210513-10:00,21.22,113034.24,2.880017361,88.35
20210513-11:00,21.72,31350.9,3.012125495,86.75
20210513-12:00,22,0,3.27001529,85.89
20210513-13:00,22.08,0,3.802959374,86.17
20210513-14:00,21.56,0,3.906328199,89.84
20210513-15:00,21.13,0,3.871188448,93.48
20210513-16:00,21.02,0,3.519786925,94.69
20210513-17:00,20.53,0,3.240246904,97.12
20210513-18:00,20.39,0,3.113278015,97.68
20210513-19:00,20.42,0,2.930017065,97.65
20210513-20:00,20.23,0,3.258297101,98.82
20210513-21:00,20.25,0,3.414923132,98.8
20210513-22:00,20.74,19779.57,3.355294324,97.17
20210513-23:00,20.59,69941,3.607020931,97.63
20210514-00:00,20.76,200194.45,2.797892064,98.42
20210514-01:00,21.42,570363.17,2.875030435,97.7
20210514-02:00,23.69,603890.47,3.123859792,88.81
20210514-03:00,24.61,883797.78,2.698758974,86.45
20210514-04:00,25.1,1035925.04,2.805298558,82.43
20210514-05:00,26.64,973374.96,2.140864311,75.42
20210514-06:00,25.54,589977.78,1.527383383,82.57
20210514-07:00,25.25,1016025.33,0.570087713,85.15
20210514-08:00,25.26,771070.8,0.380131556,85.71
20210514-09:00,24.9,492645.99,0.688839604,88.71
20210514-10:00,24.24,275288.75,1.54029218,90.76
20210514-11:00,23.7,62093.92,1.988290723,94.85
20210514-12:00,23.47,0,1.666043217,95.6
20210514-13:00,23.35,0,2.592180549,95.7
20210514-14:00,22.8,0,2.293141949,97.44
20210514-15:00,22.33,0,1.60580198,98.32
20210514-16:00,22.41,0,1.433875866,97.72
20210514-17:00,21.81,0,1.559134375,98.89
20210514-18:00,22.24,0,1.566971602,98.28
20210514-19:00,22.12,0,1.503329638,98.43
20210514-20:00,22.07,0,1.799027515,98.7
20210514-21:00,22.1,0,2.494513981,98.62
20210514-22:00,23.1,26570.95,2.081249625,96.77
20210514-23:00,23.51,125784.38,2.244749429,95.75
20210515-00:00,23.41,148814.29,2.634919354,97.66
20210515-01:00,22.79,227779.3,3.293584673,98.99
20210515-02:00,22.58,201514.6,3.200312485,95.44
20210515-03:00,22.36,278314.62,2.934552777,97.19
20210515-04:00,22.75,353576.37,2.947303853,96.7
20210515-05:00,23.15,313638.08,2.276071176,94.21
20210515-06:00,22.38,213820.84,2.082138324,95.9
20210515-07:00,22.08,232052.3,3.244009864,96.63
20210515-08:00,22.6,180035.66,4.516912662,95.55
20210515-09:00,23.76,238262.39,3.34378528,91.35
20210515-10:00,21.65,175591.74,1.576229679,97.96
20210515-11:00,21.76,27973.9,1.016710382,97.8
20210515-12:00,21.78,0,1.447791421,98.85
20210515-13:00,21.56,0,2.132158531,99.18
20210515-14:00,20.47,0,2.56750852,97.86
20210515-15:00,20.06,0,2.768176295,96.5
20210515-16:00,19.98,0,3.693913913,96.06
20210515-17:00,18.88,0,4.46467244,97.54
20210515-18:00,19.11,0,4.568084938,97.66
20210515-19:00,19.1,0,3.883297568,98.69
20210515-20:00,17.52,0,3.683177976,98
20210515-21:00,17.26,0,4.38041094,98.86
20210515-22:00,16.13,5355.49,4.45408801,97.71
20210515-23:00,16.02,39026.72,5.037955935,96.78
20210516-00:00,16.15,125877.3,5.399083256,95.98
20210516-01:00,16.2,124919.84,5.478831992,97.11
20210516-02:00,15.87,178537.37,5.628578861,92.93
20210516-03:00,15.09,180283.32,5.59946426,96.88
20210516-04:00,14.68,264370.48,5.489717661,95.76
20210516-05:00,14.52,320184.53,5.073066134,88.48
20210516-06:00,14.36,376843.39,4.878216887,84.84
20210516-07:00,14.81,365635.53,4.469239309,78.92
20210516-08:00,15.53,218919.48,4.354962686,72.77
20210516-09:00,15.49,214977.02,4.061329831,73.36
20210516-10:00,14.73,172792.64,3.04763843,77.46
20210516-11:00,14.81,45338.35,2.6469983,78.24
20210516-12:00,14.98,0,2.674696244,79.03
20210516-13:00,15.26,0,2.652432846,76.04
20210516-14:00,14.65,0,2.898620361,82.14
20210516-15:00,14.12,0,3.298878597,87.45
20210516-16:00,13.86,0,3.031451797,91.51
20210516-17:00,13.78,0,2.4623769,93.38
20210516-18:00,13.68,0,2.175729763,94.37
20210516-19:00,13.57,0,2.373604853,96.04
20210516-20:00,13,0,2.361228494,98.93
20210516-21:00,13.01,0,2.011218536,99.12
20210516-22:00,16.62,82341.21,2.473863375,84.91
20210516-23:00,16.81,499003.51,2.465948094,82.96
20210517-00:00,16.95,1075972.77,2.814427118,80.41
20210517-01:00,17.21,1687555.22,2.523350947,77.29
20210517-02:00,21.48,2221288.64,2.341644721,55.63
20210517-03:00,21.98,2608618.55,2.046191584,52.43
20210517-04:00,22.02,2822787.89,1.547384891,49.93
20210517-05:00,23.42,2831237.49,1.492816131,43.67
20210517-06:00,23.57,2617068.16,1.39645981,43.1
20210517-07:00,23.55,1302478.53,0.814002457,42.7
20210517-08:00,22.88,1037048.25,0.320156212,46.58
20210517-09:00,22.96,634509.05,0.268700577,45.72
20210517-10:00,19.61,341758.38,0.73430239,71.64
20210517-11:00,19.51,69568.42,1.074662738,67.27
20210517-12:00,19.23,0,1.623730273,71.39
20210517-13:00,19.28,0,1.747226373,71.6
20210517-14:00,18.15,0,1.896444041,78.46
20210517-15:00,16.98,0,1.744018349,84.67
20210517-16:00,16.74,0,1.78549713,87.3
20210517-17:00,15.1,0,2.130093895,94.52
20210517-18:00,14.39,0,1.864537476,96.76
20210517-19:00,14.44,0,1.830437106,96.56
20210517-20:00,13.11,0,1.88663722,99.86
20210517-21:00,13.28,0,2.217949503,99.72
20210517-22:00,18.46,84214.4,1.88063819,81.32
20210517-23:00,18.33,443773.28,1.271416533,78.69
20210518-00:00,18.55,1005758.05,0.559732079,77.79
20210518-01:00,19.01,1630320.05,0.730821456,74.2
20210518-02:00,22.98,1972944.03,0.957705592,51.34
20210518-03:00,22.65,2060777.48,1.469863939,52.46
20210518-04:00,22.66,2176154.33,2.221440974,53.6
20210518-05:00,23.49,2004163.65,2.254595307,52.21
20210518-06:00,23.78,1851459,2.22524156,51.49
20210518-07:00,23.67,1171640.54,2.330944015,51.95
20210518-08:00,22.97,734735.58,1.973854098,61.01
20210518-09:00,23.23,356989.53,1.276126953,60.01
20210518-10:00,20.45,211750.44,0.885663593,73.61
20210518-11:00,20.06,79689.2,1.63024538,77.16
20210518-12:00,20.45,0,1.672991333,76.47
20210518-13:00,19.91,0,2.309567059,81.88
20210518-14:00,17.99,0,2.430740628,87.55
20210518-15:00,19.38,0,2.060097085,82.82
20210518-16:00,18.32,0,1.583982323,88.39
20210518-17:00,17.51,0,1.316548518,95.56
20210518-18:00,17.36,0,0.807774721,97.86
20210518-19:00,16.55,0,0.534509121,97.34
20210518-20:00,15.78,0,1.428635713,99.97
20210518-21:00,15.54,0,0.99744674,99.01
20210518-22:00,19.2,62382.68,1.441804425,88.02
20210518-23:00,18.6,284935.56,1.281600562,91.25
20210519-00:00,18.54,571610.24,1.281405478,91.56
20210519-01:00,19.46,1078098.9,1.790027933,85.21
20210519-02:00,22.02,1407411.97,2.407072911,71.67
20210519-03:00,22.2,1528111.44,2.858828431,70.23
20210519-04:00,22.42,1373503.83,3.472074308,67.72
20210519-05:00,21.27,825752.8,2.611378946,73.88
20210519-06:00,21.67,1243148.41,3.007274514,71.95
20210519-07:00,21.45,694779.84,3.053145919,75.03
20210519-08:00,19.15,519176.14,2.976390431,89.99
20210519-09:00,19.02,355193.28,3.698783584,89.06
20210519-10:00,17.35,67254.87,3.618134879,89.66
20210519-11:00,17.13,17290.9,3.118493226,86.85
20210519-12:00,17.16,0,2.272641635,85.37
20210519-13:00,17.39,0,1.664812302,84.86
20210519-14:00,16.59,0,1.506286825,88.8
20210519-15:00,16.42,0,1.756018223,91.04
20210519-16:00,16.63,0,2.096187015,91.41
20210519-17:00,15.91,0,2.374278838,94.05
20210519-18:00,16.04,0,2.598326384,94.22
20210519-19:00,16.11,0,2.37844487,94.38
20210519-20:00,15.88,0,1.813945975,94.32
20210519-21:00,15.77,0,1.359448418,94.58
20210519-22:00,16.32,78426.59,2.269317078,89.08
20210519-23:00,16.37,410602.76,2.357159307,86.94
20210520-00:00,16.62,970096.52,2.136539258,85.3
20210520-01:00,16.95,1611983.88,1.766154014,83.51
20210520-02:00,19.91,2164721.78,1.634044063,70.63
20210520-03:00,20.14,2548305.72,1.376444696,70.65
20210520-04:00,20.38,2723631.13,0.601664358,70.4
20210520-05:00,22.31,2637118.56,1.080046295,64.24
20210520-06:00,22.52,2445522.95,0.99959992,62.98
20210520-07:00,22.82,2237825.46,0.76694198,60.75
20210520-08:00,23.14,1783718.63,0.514781507,58.56
20210520-09:00,23.07,1208595.18,0.848763807,59.79
20210520-10:00,20.06,528332.6,1.662077014,75.45
20210520-11:00,20.05,144692.55,2.15425161,75.67
20210520-12:00,19.7,0,2.468055915,77.58
20210520-13:00,19.58,0,2.413462243,78.16
20210520-14:00,18.87,0,2.522419473,81.9
20210520-15:00,18.25,0,2.323617869,84.54
20210520-16:00,18.3,0,2.339615353,84.44
20210520-17:00,17.25,0,2.407405242,87.33
20210520-18:00,17.14,0,2.491766442,87.97
20210520-19:00,17.04,0,2.304886114,89.88
20210520-20:00,16.58,0,2.088659857,93.25
20210520-21:00,16.58,0,2.258539351,93.99
20210520-22:00,20.26,85614.9,2.704071005,82.77
20210520-23:00,20.31,456407.1,2.501539526,81.49
20210521-00:00,20.4,1027523.36,2.558847397,81.36
20210521-01:00,20.68,1662791.22,2.744886154,81.14
20210521-02:00,25.05,2162227.84,2.6853119,64.67
20210521-03:00,24.8,2457232.74,2.49194703,63.08
20210521-04:00,24.82,2547406.42,2.656332058,63.65
20210521-05:00,26.2,2140597.57,2.658589852,59.56
20210521-06:00,26.34,2165652.16,2.716468295,58.91
20210521-07:00,26.47,1716610.07,2.789265136,58.64
20210521-08:00,25.88,1330175.9,2.742353004,61.95
20210521-09:00,26.22,773838.55,1.935458602,60.29
20210521-10:00,23.86,437970.13,1.281405478,71.33
20210521-11:00,23.52,90687.33,1.866788686,72.6
20210521-12:00,23.68,57.07,1.817608319,71.91
20210521-13:00,23.61,0,2.279034883,71.9
20210521-14:00,22.73,0,2.616906571,76.76
20210521-15:00,22.24,0,2.568501509,79.62
20210521-16:00,22.18,0,2.601922366,80.45
20210521-17:00,21.48,0,2.494193256,84.27
20210521-18:00,21.53,0,2.336236289,84.23
20210521-19:00,21.5,0,1.890105817,85.5
20210521-20:00,19.89,0,1.633799253,92.95
20210521-21:00,19.82,0,1.782273829,92.74
20210521-22:00,23.47,93141.42,2.303258561,79.52
20210521-23:00,23.69,510052,2.505294394,78.68
20210522-00:00,23.76,1084520.38,2.586000773,78.08
20210522-01:00,23.94,1673520.23,2.608236952,77.06
20210522-02:00,27.82,2187026.37,2.744011662,60.39
20210522-03:00,28.1,2570566.48,3.093428519,58.3
20210522-04:00,28.32,2783300.64,3.364669375,55.39
20210522-05:00,29.41,2526576.21,3.662034953,49.57
20210522-06:00,29.54,2494328.14,3.976191645,49.23
20210522-07:00,29.54,2270768.25,4.134694668,49.15
20210522-08:00,29.15,1734808.75,4.164732885,50.51
20210522-09:00,29.07,1050152.99,3.64676569,51.66
20210522-10:00,25.88,620904.24,2.580561954,64.45
20210522-11:00,26.05,152362.11,2.909037642,64.37
20210522-12:00,26,114.56,3.412110784,63.82
20210522-13:00,25.85,0,3.9999625,62.64
20210522-14:00,24.29,0,4.398920322,65.69
20210522-15:00,22.96,0,4.119465985,69.78
20210522-16:00,22.85,0,3.826277564,66.68
20210522-17:00,21.42,0,3.295603131,68.73
20210522-18:00,20.96,0,2.677386786,70.5
20210522-19:00,20.73,0,2.750890765,72.67
20210522-20:00,20.74,0,2.670599184,71.27
20210522-21:00,20.62,0,2.585884762,72.57
20210522-22:00,20.62,60028.38,2.801892218,75.92
20210522-23:00,20.83,314518.93,3.075386155,75.55
20210523-00:00,21.44,603224.39,2.774617091,74.8
20210523-01:00,21.67,850701.06,2.705642253,75.35
20210523-02:00,21.92,688037.66,1.601030918,74.36
20210523-03:00,22.08,855381.2,1.261784451,73.56
20210523-04:00,22.29,1236983.84,1.961045639,74.39
20210523-05:00,23.25,1590220.26,2.633191979,72.17
20210523-06:00,23.15,814001.91,2.916779045,72.26
20210523-07:00,23.24,432113.9,2.749345377,71.42
20210523-08:00,22.78,512304.11,2.422663823,71.3
20210523-09:00,22.7,362140.1,1.741321337,73.27
20210523-10:00,21.67,325269.73,1.234382437,75.77
20210523-11:00,20.74,89150.96,1.365650028,80.21
20210523-12:00,21.22,114.15,1.597779709,79.34
20210523-13:00,20.99,0,1.666883319,79.6
20210523-14:00,19.73,0,1.490301983,84.33
20210523-15:00,18.62,0,1.593643624,88.85
20210523-16:00,18.89,0,1.803607496,86.91
20210523-17:00,18.68,0,1.390863041,86.71
20210523-18:00,18.52,0,1.187013058,88.46
20210523-19:00,18.31,0,1.274754878,89.59
20210523-20:00,16.9,0,1.590282994,94.5
20210523-21:00,17.12,0,1.159655121,95.32
20210523-22:00,20.99,58045.15,1.7,79.01
20210523-23:00,21.17,470981.9,1.323064624,77.46
20210524-00:00,21.56,1145676.65,1.531012737,74.35
20210524-01:00,21.56,1746733.19,2.44517893,75.18
20210524-02:00,25.95,2263277.75,2.795800422,58.76
20210524-03:00,26.06,2650800.29,2.948982876,58.6
20210524-04:00,26.33,2863991.9,3.036593486,55.48
20210524-05:00,28.6,2896233.14,3.140859755,42.85
20210524-06:00,28.63,2730518.89,3.309259736,41.77
20210524-07:00,28.47,2115709.89,3.571134274,41.92
20210524-08:00,28.26,1568293.64,3.811823711,42.47
20210524-09:00,28.15,1153779.76,3.567239829,44.37
20210524-10:00,24.15,644995.92,3.592005011,56.99
20210524-11:00,24.27,168966.91,3.500357125,57.08
20210524-12:00,24.01,399.45,3.866264347,59.23
20210524-13:00,23.71,0,4.299034775,60.43
20210524-14:00,22.33,0,4.454682929,67.09
20210524-15:00,21.59,0,4.610683247,68.44
20210524-16:00,21.36,0,4.67754209,69.69
20210524-17:00,20.03,0,4.935139309,71.55
20210524-18:00,20.4,0,5.126099882,71.05
20210524-19:00,21.19,0,4.517986277,68.83
20210524-20:00,19.58,0,3.708827308,70.2
20210524-21:00,19.39,0,2.653243298,72
20210524-22:00,22.77,88506.47,2.142171795,61.34
20210524-23:00,22.7,483390.29,2.413068586,61.58
20210525-00:00,23.01,1097913.97,2.292116925,55.5
20210525-01:00,23.23,1819672.48,2.789193432,50.57
20210525-02:00,27.04,2369390.45,2.852718002,33.41
20210525-03:00,26.99,2762907.8,2.610076627,33.25
20210525-04:00,27.15,2977225.66,2.71543735,32.92
20210525-05:00,28.03,2970123.07,2.904771936,32.23
20210525-06:00,28.24,2606707.18,3.093622472,31.01
20210525-07:00,27.63,1698759.33,3.105221409,35.55
20210525-08:00,25.97,1051803.5,2.270792813,47.96
20210525-09:00,26.1,149041.67,1.711052308,48.47
20210525-10:00,22.41,132468.95,2.062862089,57.83
20210525-11:00,22.76,57046.21,2.794351445,58.32
20210525-12:00,23.01,169.11,2.894149271,59.33
20210525-13:00,23.25,0,3.475068345,59.37
20210525-14:00,22.65,0,4.161249812,64.12
20210525-15:00,21.96,0,3.747025487,65.51
20210525-16:00,21.72,0,3.140143309,65.84
20210525-17:00,20.63,0,2.754087871,72.09
20210525-18:00,20.25,0,2.695644635,74.13
20210525-19:00,20,0,3.890822535,75.67
20210525-20:00,18.46,0,4.633119899,87.43
20210525-21:00,18.33,0,4.411303662,91.44
20210525-22:00,18.14,17700.11,3.820994635,88.66
20210525-23:00,17.98,83709.11,3.689132689,89.58
20210526-00:00,17.71,163203.79,3.104094071,91.93
20210526-01:00,17.42,251069.79,2.537124356,93.14
20210526-02:00,17.43,49494.85,2.278815482,95.58
20210526-03:00,17.55,287755.53,2.663174797,93.45
20210526-04:00,17.54,491690.04,3.15762569,94.15
20210526-05:00,18.67,777479.26,3.102660149,91.86
20210526-06:00,20.56,1591307.17,4.37675679,84.42
20210526-07:00,21.03,1186865.15,5.068224541,81.93
20210526-08:00,21.58,954559.58,5.442655602,80.14
20210526-09:00,21.5,497869.87,4.950070707,79.73
20210526-10:00,20.31,453936.87,3.902947604,85.1
20210526-11:00,19.72,142079.99,1.776119365,87.77
20210526-12:00,19.42,561.8,2.144434657,91.19
20210526-13:00,18.56,0,2.14683488,95.14
20210526-14:00,18.59,0,1.888306119,97.12
20210526-15:00,18.95,0,2.626194966,95.33
20210526-16:00,19.18,0,2.701499584,93.48
20210526-17:00,18.66,0,2.876473535,93.02
20210526-18:00,18.86,0,3.0740527,91.42
20210526-19:00,18.62,0,2.886884133,91.99
20210526-20:00,17.53,0,2.510657284,95.1
20210526-21:00,17.27,0,2.207374005,96.4
20210526-22:00,20.97,110506.66,2.469757073,86.32
20210526-23:00,21.11,556409.75,2.180481598,85.43
20210527-00:00,21.18,1151707.85,2.098594768,86.77
20210527-01:00,21.49,1757563.01,2.127580786,85.37
20210527-02:00,26.8,2282867.68,2.659661633,65.2
20210527-03:00,26.97,2662638.05,3.409296115,64.81
20210527-04:00,27.24,2802794.77,4.068709869,62.57
20210527-05:00,29.25,2649279.01,4.868069433,51.84
20210527-06:00,29.34,2373437.45,5.322405471,51.24
20210527-07:00,29.17,1902021.8,5.558246126,52.3
20210527-08:00,28.33,1249070.35,5.088270826,58.57
20210527-09:00,28.24,829166.25,4.812525325,58.27
20210527-10:00,25.34,422224.95,3.485541565,70.49
20210527-11:00,25.13,108796.94,3.49859972,72.22
20210527-12:00,24.93,792.49,4.066693989,74.14
20210527-13:00,25.01,0,4.876494643,75.03
20210527-14:00,24.15,0,5.305431179,79.28
20210527-15:00,23.41,0,5.516493451,79.27
20210527-16:00,23.61,0,5.857729936,73.26
20210527-17:00,22.67,0,6.346904757,70.73
20210527-18:00,22.68,0,6.441746658,69.31
20210527-19:00,22.64,0,6.25703604,73.07
20210527-20:00,21.68,0,5.303055723,78.46
20210527-21:00,21.76,0,5.050792017,80.75
20210527-22:00,24.35,101381.54,4.190107397,66.14
20210527-23:00,24.53,533908.8,4.126172561,66.92
20210528-00:00,25.05,1122681.57,4.328244448,60.38
20210528-01:00,25.65,1759813.61,4.695742753,47.46
20210528-02:00,28.46,2325170.78,5.17849399,24.03
20210528-03:00,28.24,2739581.12,5.08495821,24.22
20210528-04:00,28.11,2975247.74,4.752315225,26.08
20210528-05:00,29.05,3018763.42,4.27948595,23.87
20210528-06:00,29.01,2816557.07,3.96233517,24.96
20210528-07:00,29,2470974.33,3.718776681,26.56
20210528-08:00,28.59,1961384.28,3.323853186,29.75
20210528-09:00,28.46,1351817.94,2.018539076,33.44
20210528-10:00,23.32,715148.22,1.631103921,55.33
20210528-11:00,21.85,193191.15,2.741477704,57.27
20210528-12:00,21.73,1098.01,2.37303603,59.78
20210528-13:00,23.51,0,1.46,53.39
20210528-14:00,21.41,0,0.919238816,63.89
20210528-15:00,19.74,0,2.322606295,74.06
20210528-16:00,18.33,0,2.126029163,86.65
20210528-17:00,18.2,0,2.457335956,83.91
20210528-18:00,18.22,0,2.51753848,78.65
20210528-19:00,18.45,0,2.811351988,73.26
20210528-20:00,17.66,0,3.000416638,74.18
20210528-21:00,17.28,0,3.113534968,71.81
20210528-22:00,22.79,120665.01,3.261564042,74.87
20210528-23:00,23.23,540045.26,2.981358751,74.71