id,name,type,dTime,energy_power
2001,Intelligent Storage System,storage,20210515-00:00,0.9999982040166556
2002,Clean Fuel Home,fossil_fuel,20210515-00:00,0.4643677116685706
2001,Intelligent Storage System,storage,20210515-01:00,1.4999983027416717
2002,Clean Fuel Home,fossil_fuel,20210515-01:00,0.4643677116685706
2001,Intelligent Storage System,storage,20210515-02:00,2.2999984515108576
2002,Clean Fuel Home,fossil_fuel,20210515-02:00,0.4643677116685706
2001,Intelligent Storage System,storage,20210515-03:00,1.5999994043820427
2002,Clean Fuel Home,fossil_fuel,20210515-03:00,0.4643677116685706
2001,Intelligent Storage System,storage,20210515-04:00,1.3999997386147742
2002,Clean Fuel Home,fossil_fuel,20210515-04:00,0.4643677116685706
2001,Intelligent Storage System,storage,20210515-05:00,0.39999996731065957
2002,Clean Fuel Home,fossil_fuel,20210515-05:00,0.4643677116685706
2001,Intelligent Storage System,storage,20210515-06:00,1.1999999649720259
2002,Clean Fuel Home,fossil_fuel,20210515-06:00,0.4643677116685706
2001,Intelligent Storage System,storage,20210515-07:00,0.9999999925586562
2002,Clean Fuel Home,fossil_fuel,20210515-07:00,0.4643677116685706
2001,Intelligent Storage System,storage,20210515-08:00,1.5999999984505169
2002,Clean Fuel Home,fossil_fuel,20210515-08:00,0.4643677116685706
2001,Intelligent Storage System,storage,20210515-09:00,3.4999999999449107
2002,Clean Fuel Home,fossil_fuel,20210515-09:00,0.4643677116685706
2001,Intelligent Storage System,storage,20210515-10:00,4.399999999984407
2002,Clean Fuel Home,fossil_fuel,20210515-10:00,0.4643677116685706
2001,Intelligent Storage System,storage,20210515-11:00,4.399999996993949
2002,Clean Fuel Home,fossil_fuel,20210515-11:00,0.4643677116685706
2001,Intelligent Storage System,storage,20210515-12:00,4.39999997108351
2002,Clean Fuel Home,fossil_fuel,20210515-12:00,0.4643677116685706
2001,Intelligent Storage System,storage,20210515-13:00,3.599999897830891
2002,Clean Fuel Home,fossil_fuel,20210515-13:00,0.4643677116685706
2001,Intelligent Storage System,storage,20210515-14:00,3.599999698276326
2002,Clean Fuel Home,fossil_fuel,20210515-14:00,0.4643677116685706
2001,Intelligent Storage System,storage,20210515-15:00,2.7999994453520083
2002,Clean Fuel Home,fossil_fuel,20210515-15:00,0.4643677116685706
2001,Intelligent Storage System,storage,20210515-16:00,2.1999991104217664
2002,Clean Fuel Home,fossil_fuel,20210515-16:00,0.4643677116685706
2001,Intelligent Storage System,storage,20210515-17:00,0.7999994047920637
2002,Clean Fuel Home,fossil_fuel,20210515-17:00,0.4643677116685706
2001,Intelligent Storage System,storage,20210515-18:00,0.9999987329948158
2002,Clean Fuel Home,fossil_fuel,20210515-18:00,0.4643677116685706
2001,Intelligent Storage System,storage,20210515-19:00,-1.7999963422441392
2002,Clean Fuel Home,fossil_fuel,20210515-19:00,0.4643677116685706
2001,Intelligent Storage System,storage,20210515-20:00,-3.399989436108475
2002,Clean Fuel Home,fossil_fuel,20210515-20:00,0.4643677116685706
2001,Intelligent Storage System,storage,20210515-21:00,-4.19998081091178
2002,Clean Fuel Home,fossil_fuel,20210515-21:00,0.4643677116685706
2001,Intelligent Storage System,storage,20210515-22:00,-2.399984390586958
2002,Clean Fuel Home,fossil_fuel,20210515-22:00,0.4643677116685706
2001,Intelligent Storage System,storage,20210515-23:00,-1.9999819833576167
2002,Clean Fuel Home,fossil_fuel,20210515-23:00,0.4643677116685706
2001,Intelligent Storage System,storage,20210516-00:00,0.39999512487812866
2002,Clean Fuel Home,fossil_fuel,20210516-00:00,0.4643677116685706
2001,Intelligent Storage System,storage,20210516-01:00,0.8999854577470771
2002,Clean Fuel Home,fossil_fuel,20210516-01:00,0.4643677116685706
2001,Intelligent Storage System,storage,20210516-02:00,1.6999642238025403
2002,Clean Fuel Home,fossil_fuel,20210516-02:00,0.4643677116685706
2001,Intelligent Storage System,storage,20210516-03:00,0.9999730159800843
2002,Clean Fuel Home,fossil_fuel,20210516-03:00,0.4643677116685706
2001,Intelligent Storage System,storage,20210516-04:00,0.7999727024858617
2002,Clean Fuel Home,fossil_fuel,20210516-04:00,0.4643677116685706
2001,Intelligent Storage System,storage,20210516-05:00,-0.1999914769767522
2002,Clean Fuel Home,fossil_fuel,20210516-05:00,0.4643677116685706
2001,Intelligent Storage System,storage,20210516-06:00,0.5999684214495837
2002,Clean Fuel Home,fossil_fuel,20210516-06:00,0.4643677116685706
2001,Intelligent Storage System,storage,20210516-07:00,0.39997426112672013
2002,Clean Fuel Home,fossil_fuel,20210516-07:00,0.4643677116685706
2001,Intelligent Storage System,storage,20210516-08:00,0.9999220474341476
2002,Clean Fuel Home,fossil_fuel,20210516-08:00,0.4643677116685706
2001,Intelligent Storage System,storage,20210516-09:00,2.8997284249121567
2002,Clean Fuel Home,fossil_fuel,20210516-09:00,0.4643677116685706
2001,Intelligent Storage System,storage,20210516-10:00,3.79957576910872
2002,Clean Fuel Home,fossil_fuel,20210516-10:00,0.4643677116685706
2001,Intelligent Storage System,storage,20210516-11:00,3.799497816807087
2002,Clean Fuel Home,fossil_fuel,20210516-11:00,0.4643677116685706
2001,Intelligent Storage System,storage,20210516-12:00,3.799409401956806
2002,Clean Fuel Home,fossil_fuel,20210516-12:00,0.4643677116685706
2001,Intelligent Storage System,storage,20210516-13:00,0.20196749026433736
2002,Clean Fuel Home,fossil_fuel,20210516-13:00,0.4643677116685706
2001,Intelligent Storage System,storage,20210516-14:00,0.0
2002,Clean Fuel Home,fossil_fuel,20210516-14:00,0.4643677116685706
2001,Intelligent Storage System,storage,20210516-15:00,0.0
2002,Clean Fuel Home,fossil_fuel,20210516-15:00,0.4643677116685706
2001,Intelligent Storage System,storage,20210516-16:00,0.0
2002,Clean Fuel Home,fossil_fuel,20210516-16:00,0.4643677116685706
2001,Intelligent Storage System,storage,20210516-17:00,0.0
2002,Clean Fuel Home,fossil_fuel,20210516-17:00,0.4643677116685706
2001,Intelligent Storage System,storage,20210516-18:00,0.0
2002,Clean Fuel Home,fossil_fuel,20210516-18:00,0.4643677116685706
2001,Intelligent Storage System,storage,20210516-19:00,-2.398998475826503
2002,Clean Fuel Home,fossil_fuel,20210516-19:00,0.4643677116685706
2001,Intelligent Storage System,storage,20210516-20:00,-3.9981106669156286
2002,Clean Fuel Home,fossil_fuel,20210516-20:00,0.4643677116685706
2001,Intelligent Storage System,storage,20210516-21:00,-4.797442916570906
2002,Clean Fuel Home,fossil_fuel,20210516-21:00,0.4643677116685706
2001,Intelligent Storage System,storage,20210516-22:00,-2.99820351884637
2002,Clean Fuel Home,fossil_fuel,20210516-22:00,0.4643677116685706
2001,Intelligent Storage System,storage,20210516-23:00,-2.598255407517136
2002,Clean Fuel Home,fossil_fuel,20210516-23:00,0.4643677116685706
2001,Intelligent Storage System,storage,20210517-00:00,2.198350863277119
2002,Clean Fuel Home,fossil_fuel,20210517-00:00,0.4643677116685706
2001,Intelligent Storage System,storage,20210517-01:00,2.6977453861467153
2002,Clean Fuel Home,fossil_fuel,20210517-01:00,0.4643677116685706
2001,Intelligent Storage System,storage,20210517-02:00,3.49675306257675
2002,Clean Fuel Home,fossil_fuel,20210517-02:00,0.4643677116685706
2001,Intelligent Storage System,storage,20210517-03:00,2.7971216618670356
2002,Clean Fuel Home,fossil_fuel,20210517-03:00,0.4643677116685706
2001,Intelligent Storage System,storage,20210517-04:00,2.597045603714978
2002,Clean Fuel Home,fossil_fuel,20210517-04:00,0.4643677116685706
2001,Intelligent Storage System,storage,20210517-05:00,1.5979950190069354
2002,Clean Fuel Home,fossil_fuel,20210517-05:00,0.4643677116685706
2001,Intelligent Storage System,storage,20210517-06:00,1.405999389087043
2002,Clean Fuel Home,fossil_fuel,20210517-06:00,0.4643677116685706
2001,Intelligent Storage System,storage,20210517-07:00,0.0
2002,Clean Fuel Home,fossil_fuel,20210517-07:00,0.4643677116685706
2001,Intelligent Storage System,storage,20210517-08:00,0.0
2002,Clean Fuel Home,fossil_fuel,20210517-08:00,0.4643677116685706
2001,Intelligent Storage System,storage,20210517-09:00,0.0
2002,Clean Fuel Home,fossil_fuel,20210517-09:00,0.4643677116685706
2001,Intelligent Storage System,storage,20210517-10:00,0.0
2002,Clean Fuel Home,fossil_fuel,20210517-10:00,0.4643677116685706
2001,Intelligent Storage System,storage,20210517-11:00,0.0
2002,Clean Fuel Home,fossil_fuel,20210517-11:00,0.4643677116685706
2001,Intelligent Storage System,storage,20210517-12:00,0.0
2002,Clean Fuel Home,fossil_fuel,20210517-12:00,0.4643677116685706
2001,Intelligent Storage System,storage,20210517-13:00,0.0
2002,Clean Fuel Home,fossil_fuel,20210517-13:00,0.4643677116685706
2001,Intelligent Storage System,storage,20210517-14:00,0.0
2002,Clean Fuel Home,fossil_fuel,20210517-14:00,0.4643677116685706
2001,Intelligent Storage System,storage,20210517-15:00,0.0
2002,Clean Fuel Home,fossil_fuel,20210517-15:00,0.4643677116685706
2001,Intelligent Storage System,storage,20210517-16:00,0.0
2002,Clean Fuel Home,fossil_fuel,20210517-16:00,0.4643677116685706
2001,Intelligent Storage System,storage,20210517-17:00,0.0
2002,Clean Fuel Home,fossil_fuel,20210517-17:00,0.4643677116685706
2001,Intelligent Storage System,storage,20210517-18:00,0.0
2002,Clean Fuel Home,fossil_fuel,20210517-18:00,0.4643677116685706
2001,Intelligent Storage System,storage,20210517-19:00,-0.5975705602477458
2002,Clean Fuel Home,fossil_fuel,20210517-19:00,0.4643677116685706
2001,Intelligent Storage System,storage,20210517-20:00,-2.1904233120891394
2002,Clean Fuel Home,fossil_fuel,20210517-20:00,0.4643677116685706
2001,Intelligent Storage System,storage,20210517-21:00,-2.9859779002075397
2002,Clean Fuel Home,fossil_fuel,20210517-21:00,0.4643677116685706
2001,Intelligent Storage System,storage,20210517-22:00,-1.1939847832142334
2002,Clean Fuel Home,fossil_fuel,20210517-22:00,0.4643677116685706
2001,Intelligent Storage System,storage,20210517-23:00,-0.7957042975229432
2002,Clean Fuel Home,fossil_fuel,20210517-23:00,0.4643677116685706
2001,Intelligent Storage System,storage,20210518-00:00,-0.19885089341303272
2002,Clean Fuel Home,fossil_fuel,20210518-00:00,0.4643677116685706
2001,Intelligent Storage System,storage,20210518-01:00,0.29815768086219374
2002,Clean Fuel Home,fossil_fuel,20210518-01:00,0.4643677116685706
2001,Intelligent Storage System,storage,20210518-02:00,1.0927874095002574
2002,Clean Fuel Home,fossil_fuel,20210518-02:00,0.4643677116685706
2001,Intelligent Storage System,storage,20210518-03:00,0.39720250650260236
2002,Clean Fuel Home,fossil_fuel,20210518-03:00,0.4643677116685706
2001,Intelligent Storage System,storage,20210518-04:00,0.19850954692183662
2002,Clean Fuel Home,fossil_fuel,20210518-04:00,0.4643677116685706
2001,Intelligent Storage System,storage,20210518-05:00,-0.793653433686513
2002,Clean Fuel Home,fossil_fuel,20210518-05:00,0.4643677116685706
2001,Intelligent Storage System,storage,20210518-06:00,0.0
2002,Clean Fuel Home,fossil_fuel,20210518-06:00,0.4643677116685706
2001,Intelligent Storage System,storage,20210518-07:00,-0.19820695433201402
2002,Clean Fuel Home,fossil_fuel,20210518-07:00,0.4643677116685706
2001,Intelligent Storage System,storage,20210518-08:00,0.39619288652634577
2002,Clean Fuel Home,fossil_fuel,20210518-08:00,0.4643677116685706
2001,Intelligent Storage System,storage,20210518-09:00,2.2767798800634234
2002,Clean Fuel Home,fossil_fuel,20210518-09:00,0.4643677116685706
2001,Intelligent Storage System,storage,20210518-10:00,3.1657607869398077
2002,Clean Fuel Home,fossil_fuel,20210518-10:00,0.4643677116685706
2001,Intelligent Storage System,storage,20210518-11:00,1.128981437396675
2002,Clean Fuel Home,fossil_fuel,20210518-11:00,0.4643677116685706
2001,Intelligent Storage System,storage,20210518-12:00,0.0
2002,Clean Fuel Home,fossil_fuel,20210518-12:00,0.4643677116685706
2001,Intelligent Storage System,storage,20210518-13:00,0.0
2002,Clean Fuel Home,fossil_fuel,20210518-13:00,0.4643677116685706
2001,Intelligent Storage System,storage,20210518-14:00,0.0
2002,Clean Fuel Home,fossil_fuel,20210518-14:00,0.4643677116685706
2001,Intelligent Storage System,storage,20210518-15:00,0.0
2002,Clean Fuel Home,fossil_fuel,20210518-15:00,0.4643677116685706
2001,Intelligent Storage System,storage,20210518-16:00,0.0
2002,Clean Fuel Home,fossil_fuel,20210518-16:00,0.4643677116685706
2001,Intelligent Storage System,storage,20210518-17:00,-0.3937096566510521
2002,Clean Fuel Home,fossil_fuel,20210518-17:00,0.4643677116685706
2001,Intelligent Storage System,storage,20210518-18:00,-0.19668648925788085
2002,Clean Fuel Home,fossil_fuel,20210518-18:00,0.4643677116685706
2001,Intelligent Storage System,storage,20210518-19:00,-2.9476720192917703
2002,Clean Fuel Home,fossil_fuel,20210518-19:00,0.4643677116685706
2001,Intelligent Storage System,storage,20210518-20:00,-4.515580673769744
2002,Clean Fuel Home,fossil_fuel,20210518-20:00,0.4643677116685706
2001,Intelligent Storage System,storage,20210518-21:00,-5.295798836469181
2002,Clean Fuel Home,fossil_fuel,20210518-21:00,0.4643677116685706
2001,Intelligent Storage System,storage,20210518-22:00,-3.527002885531858
2002,Clean Fuel Home,fossil_fuel,20210518-22:00,0.4643677116685706
2001,Intelligent Storage System,storage,20210518-23:00,-3.1318582715680705
2002,Clean Fuel Home,fossil_fuel,20210518-23:00,0.4643677116685706
2001,Intelligent Storage System,storage,20210519-00:00,-3.128482148600513
2002,Clean Fuel Home,fossil_fuel,20210519-00:00,0.4643677116685706
2001,Intelligent Storage System,storage,20210519-01:00,-2.6367039753443584
2002,Clean Fuel Home,fossil_fuel,20210519-01:00,0.4643677116685706
2001,Intelligent Storage System,storage,20210519-02:00,-1.853305397938377
2002,Clean Fuel Home,fossil_fuel,20210519-02:00,0.4643677116685706
2001,Intelligent Storage System,storage,20210519-03:00,-2.533050983950766
2002,Clean Fuel Home,fossil_fuel,20210519-03:00,0.4643677116685706
2001,Intelligent Storage System,storage,20210519-04:00,-2.7244996460293898
2002,Clean Fuel Home,fossil_fuel,20210519-04:00,0.4643677116685706
2001,Intelligent Storage System,storage,20210519-05:00,-3.692758770438968
2002,Clean Fuel Home,fossil_fuel,20210519-05:00,0.4643677116685706
2001,Intelligent Storage System,storage,20210519-06:00,-2.91143575460927
2002,Clean Fuel Home,fossil_fuel,20210519-06:00,0.4643677116685706
2001,Intelligent Storage System,storage,20210519-07:00,-3.101230614266523
2002,Clean Fuel Home,fossil_fuel,20210519-07:00,0.4643677116685706
2001,Intelligent Storage System,storage,20210519-08:00,-2.516138725630176
2002,Clean Fuel Home,fossil_fuel,20210519-08:00,0.4643677116685706
2001,Intelligent Storage System,storage,20210519-09:00,-0.6764176769199395
2002,Clean Fuel Home,fossil_fuel,20210519-09:00,0.4643677116685706
2001,Intelligent Storage System,storage,20210519-10:00,0.19296591353586365
2002,Clean Fuel Home,fossil_fuel,20210519-10:00,0.4643677116685706
2001,Intelligent Storage System,storage,20210519-11:00,0.1926601111577398
2002,Clean Fuel Home,fossil_fuel,20210519-11:00,0.4643677116685706
2001,Intelligent Storage System,storage,20210519-12:00,0.19234460429007572
2002,Clean Fuel Home,fossil_fuel,20210519-12:00,0.4643677116685706
2001,Intelligent Storage System,storage,20210519-13:00,-0.5760576331880868
2002,Clean Fuel Home,fossil_fuel,20210519-13:00,0.4643677116685706
2001,Intelligent Storage System,storage,20210519-14:00,-0.5750512495164305
2002,Clean Fuel Home,fossil_fuel,20210519-14:00,0.4643677116685706
2001,Intelligent Storage System,storage,20210519-15:00,-1.3393662753851059
2002,Clean Fuel Home,fossil_fuel,20210519-15:00,0.4643677116685706
2001,Intelligent Storage System,storage,20210519-16:00,-1.909818987791258
2002,Clean Fuel Home,fossil_fuel,20210519-16:00,0.4643677116685706
2001,Intelligent Storage System,storage,20210519-17:00,-3.240457515757955
2002,Clean Fuel Home,fossil_fuel,20210519-17:00,0.4643677116685706
2001,Intelligent Storage System,storage,20210519-18:00,-3.043801720795442
2002,Clean Fuel Home,fossil_fuel,20210519-18:00,0.4643677116685706
2001,Intelligent Storage System,storage,20210519-19:00,-5.695472968712007
2002,Clean Fuel Home,fossil_fuel,20210519-19:00,0.4643677116685706
2001,Intelligent Storage System,storage,20210519-20:00,-7.1990788998942445
2002,Clean Fuel Home,fossil_fuel,20210519-20:00,0.4643677116685706
2001,Intelligent Storage System,storage,20210519-21:00,-7.939615680934581
2002,Clean Fuel Home,fossil_fuel,20210519-21:00,0.4643677116685706
2001,Intelligent Storage System,storage,20210519-22:00,-6.224327854327048
2002,Clean Fuel Home,fossil_fuel,20210519-22:00,0.4643677116685706
2001,Intelligent Storage System,storage,20210519-23:00,-5.833637419746354
2002,Clean Fuel Home,fossil_fuel,20210519-23:00,0.4643677116685706
2001,Intelligent Storage System,storage,20210520-00:00,-3.5669814686874144
2002,Clean Fuel Home,fossil_fuel,20210520-00:00,0.4643677116685706
2001,Intelligent Storage System,storage,20210520-01:00,-3.0900848409523713
2002,Clean Fuel Home,fossil_fuel,20210520-01:00,0.4643677116685706
2001,Intelligent Storage System,storage,20210520-02:00,-2.335096141754166
2002,Clean Fuel Home,fossil_fuel,20210520-02:00,0.4643677116685706
2001,Intelligent Storage System,storage,20210520-03:00,-2.9812026791724784
2002,Clean Fuel Home,fossil_fuel,20210520-03:00,0.4643677116685706
2001,Intelligent Storage System,storage,20210520-04:00,-3.1591122759372845
2002,Clean Fuel Home,fossil_fuel,20210520-04:00,0.4643677116685706
2001,Intelligent Storage System,storage,20210520-05:00,-4.077093449358804
2002,Clean Fuel Home,fossil_fuel,20210520-05:00,0.4643677116685706
2001,Intelligent Storage System,storage,20210520-06:00,-3.3264341262036954
2002,Clean Fuel Home,fossil_fuel,20210520-06:00,0.4643677116685706
2001,Intelligent Storage System,storage,20210520-07:00,-3.501099170636282
2002,Clean Fuel Home,fossil_fuel,20210520-07:00,0.4643677116685706
2001,Intelligent Storage System,storage,20210520-08:00,-2.939547542507611
2002,Clean Fuel Home,fossil_fuel,20210520-08:00,0.4643677116685706
2001,Intelligent Storage System,storage,20210520-09:00,-1.1905515602340484
2002,Clean Fuel Home,fossil_fuel,20210520-09:00,0.4643677116685706
2001,Intelligent Storage System,storage,20210520-10:00,-0.3651768052824909
2002,Clean Fuel Home,fossil_fuel,20210520-10:00,0.4643677116685706
2001,Intelligent Storage System,storage,20210520-11:00,-0.3640029027550276
2002,Clean Fuel Home,fossil_fuel,20210520-11:00,0.4643677116685706
2001,Intelligent Storage System,storage,20210520-12:00,-0.36280157201995306
2002,Clean Fuel Home,fossil_fuel,20210520-12:00,0.4643677116685706
2001,Intelligent Storage System,storage,20210520-13:00,-1.0847176307969215
2002,Clean Fuel Home,fossil_fuel,20210520-13:00,0.4643677116685706
2001,Intelligent Storage System,storage,20210520-14:00,-1.0809466689565375
2002,Clean Fuel Home,fossil_fuel,20210520-14:00,0.4643677116685706
2001,Intelligent Storage System,storage,20210520-15:00,-1.7951517885284503
2002,Clean Fuel Home,fossil_fuel,20210520-15:00,0.4643677116685706
2001,Intelligent Storage System,storage,20210520-16:00,-2.3251585784873647
2002,Clean Fuel Home,fossil_fuel,20210520-16:00,0.4643677116685706
2001,Intelligent Storage System,storage,20210520-17:00,-3.5637436247070724
2002,Clean Fuel Home,fossil_fuel,20210520-17:00,0.4643677116685706
2001,Intelligent Storage System,storage,20210520-18:00,-3.3725295259223493
2002,Clean Fuel Home,fossil_fuel,20210520-18:00,0.4643677116685706
2001,Intelligent Storage System,storage,20210520-19:00,-5.834445000033974
2002,Clean Fuel Home,fossil_fuel,20210520-19:00,0.4643677116685706
2001,Intelligent Storage System,storage,20210520-20:00,-7.219546855932212
2002,Clean Fuel Home,fossil_fuel,20210520-20:00,0.4643677116685706
2001,Intelligent Storage System,storage,20210520-21:00,-7.891060194476168
2002,Clean Fuel Home,fossil_fuel,20210520-21:00,0.4643677116685706
2001,Intelligent Storage System,storage,20210520-22:00,-6.286047374693777
2002,Clean Fuel Home,fossil_fuel,20210520-22:00,0.4643677116685706
2001,Intelligent Storage System,storage,20210520-23:00,-5.911002887236503
2002,Clean Fuel Home,fossil_fuel,20210520-23:00,0.4643677116685706
2001,Intelligent Storage System,storage,20210521-00:00,-0.17307861226972765
2002,Clean Fuel Home,fossil_fuel,20210521-00:00,0.4643677116685706
2001,Intelligent Storage System,storage,20210521-01:00,0.25843367096746006
2002,Clean Fuel Home,fossil_fuel,20210521-01:00,0.4643677116685706
2001,Intelligent Storage System,storage,20210521-02:00,0.9431645640290578
2002,Clean Fuel Home,fossil_fuel,20210521-02:00,0.4643677116685706
2001,Intelligent Storage System,storage,20210521-03:00,0.34132922130444376
2002,Clean Fuel Home,fossil_fuel,20210521-03:00,0.4643677116685706
2001,Intelligent Storage System,storage,20210521-04:00,0.16982949612237172
2002,Clean Fuel Home,fossil_fuel,20210521-04:00,0.4643677116685706
2001,Intelligent Storage System,storage,20210521-05:00,-0.6759163141603581
2002,Clean Fuel Home,fossil_fuel,20210521-05:00,0.4643677116685706
2001,Intelligent Storage System,storage,20210521-06:00,0.0
2002,Clean Fuel Home,fossil_fuel,20210521-06:00,0.4643677116685706
2001,Intelligent Storage System,storage,20210521-07:00,-0.16723219515351262
2002,Clean Fuel Home,fossil_fuel,20210521-07:00,0.4643677116685706
2001,Intelligent Storage System,storage,20210521-08:00,0.3326713579802286
2002,Clean Fuel Home,fossil_fuel,20210521-08:00,0.4643677116685706
2001,Intelligent Storage System,storage,20210521-09:00,1.902373233609581
2002,Clean Fuel Home,fossil_fuel,20210521-09:00,0.4643677116685706
2001,Intelligent Storage System,storage,20210521-10:00,2.631942902054736
2002,Clean Fuel Home,fossil_fuel,20210521-10:00,0.4643677116685706
2001,Intelligent Storage System,storage,20210521-11:00,2.6168591681697144
2002,Clean Fuel Home,fossil_fuel,20210521-11:00,0.4643677116685706
2001,Intelligent Storage System,storage,20210521-12:00,2.6015291375658762
2002,Clean Fuel Home,fossil_fuel,20210521-12:00,0.4643677116685706
2001,Intelligent Storage System,storage,20210521-13:00,1.9394648533806174
2002,Clean Fuel Home,fossil_fuel,20210521-13:00,0.4643677116685706
2001,Intelligent Storage System,storage,20210521-14:00,1.9275987291545722
2002,Clean Fuel Home,fossil_fuel,20210521-14:00,0.4643677116685706
2001,Intelligent Storage System,storage,20210521-15:00,1.2770326277701383
2002,Clean Fuel Home,fossil_fuel,20210521-15:00,0.4643677116685706
2001,Intelligent Storage System,storage,20210521-16:00,0.7930483594877683
2002,Clean Fuel Home,fossil_fuel,20210521-16:00,0.4643677116685706
2001,Intelligent Storage System,storage,20210521-17:00,-0.31515012950528376
2002,Clean Fuel Home,fossil_fuel,20210521-17:00,0.4643677116685706
2001,Intelligent Storage System,storage,20210521-18:00,-0.15652532362128482
2002,Clean Fuel Home,fossil_fuel,20210521-18:00,0.4643677116685706
2001,Intelligent Storage System,storage,20210521-19:00,-2.331907871642077
2002,Clean Fuel Home,fossil_fuel,20210521-19:00,0.4643677116685706
2001,Intelligent Storage System,storage,20210521-20:00,-3.5507573493273177
2002,Clean Fuel Home,fossil_fuel,20210521-20:00,0.4643677116685706
2001,Intelligent Storage System,storage,20210521-21:00,-4.138724924436498
2002,Clean Fuel Home,fossil_fuel,20210521-21:00,0.4643677116685706
2001,Intelligent Storage System,storage,20210521-22:00,-2.739180472389455
2002,Clean Fuel Home,fossil_fuel,20210521-22:00,0.4643677116685706
2001,Intelligent Storage System,storage,20210521-23:00,-2.4168419915675066
2002,Clean Fuel Home,fossil_fuel,20210521-23:00,0.4643677116685706
2001,Intelligent Storage System,storage,20210522-00:00,-0.599656118711471
2002,Clean Fuel Home,fossil_fuel,20210522-00:00,0.4643677116685706
2001,Intelligent Storage System,storage,20210522-01:00,-0.22314156843446967
2002,Clean Fuel Home,fossil_fuel,20210522-01:00,0.4643677116685706
2001,Intelligent Storage System,storage,20210522-02:00,0.36898454979645934
2002,Clean Fuel Home,fossil_fuel,20210522-02:00,0.4643677116685706
2001,Intelligent Storage System,storage,20210522-03:00,-0.14641251077094236
2002,Clean Fuel Home,fossil_fuel,20210522-03:00,0.4643677116685706
2001,Intelligent Storage System,storage,20210522-04:00,-0.2904345741120053
2002,Clean Fuel Home,fossil_fuel,20210522-04:00,0.4643677116685706
2001,Intelligent Storage System,storage,20210522-05:00,-1.0080582986806406
2002,Clean Fuel Home,fossil_fuel,20210522-05:00,0.4643677116685706
2001,Intelligent Storage System,storage,20210522-06:00,-0.4283574754416865
2002,Clean Fuel Home,fossil_fuel,20210522-06:00,0.4643677116685706
2001,Intelligent Storage System,storage,20210522-07:00,-0.5661999142907251
2002,Clean Fuel Home,fossil_fuel,20210522-07:00,0.4643677116685706
2001,Intelligent Storage System,storage,20210522-08:00,-0.14030100074239435
2002,Clean Fuel Home,fossil_fuel,20210522-08:00,0.4643677116685706
2001,Intelligent Storage System,storage,20210522-09:00,1.1818324742523543
2002,Clean Fuel Home,fossil_fuel,20210522-09:00,0.4643677116685706
2001,Intelligent Storage System,storage,20210522-10:00,1.7909392026053583
2002,Clean Fuel Home,fossil_fuel,20210522-10:00,0.4643677116685706
2001,Intelligent Storage System,storage,20210522-11:00,1.7742083288315094
2002,Clean Fuel Home,fossil_fuel,20210522-11:00,0.4643677116685706
2001,Intelligent Storage System,storage,20210522-12:00,1.7573191913931894
2002,Clean Fuel Home,fossil_fuel,20210522-12:00,0.4643677116685706
2001,Intelligent Storage System,storage,20210522-13:00,1.204805944932731
2002,Clean Fuel Home,fossil_fuel,20210522-13:00,0.4643677116685706
2001,Intelligent Storage System,storage,20210522-14:00,1.1929016213839638
2002,Clean Fuel Home,fossil_fuel,20210522-14:00,0.4643677116685706
2001,Intelligent Storage System,storage,20210522-15:00,0.6560528971535842
2002,Clean Fuel Home,fossil_fuel,20210522-15:00,0.4643677116685706
2001,Intelligent Storage System,storage,20210522-16:00,0.2597309806283021
2002,Clean Fuel Home,fossil_fuel,20210522-16:00,0.4643677116685706
2001,Intelligent Storage System,storage,20210522-17:00,-0.6425483321228705
2002,Clean Fuel Home,fossil_fuel,20210522-17:00,0.4643677116685706
2001,Intelligent Storage System,storage,20210522-18:00,-0.5085737096499604
2002,Clean Fuel Home,fossil_fuel,20210522-18:00,0.4643677116685706
2001,Intelligent Storage System,storage,20210522-19:00,-2.2638078591950497
2002,Clean Fuel Home,fossil_fuel,20210522-19:00,0.4643677116685706
2001,Intelligent Storage System,storage,20210522-20:00,-3.233906891667851
2002,Clean Fuel Home,fossil_fuel,20210522-20:00,0.4643677116685706
2001,Intelligent Storage System,storage,20210522-21:00,-3.6895671228231137
2002,Clean Fuel Home,fossil_fuel,20210522-21:00,0.4643677116685706
2001,Intelligent Storage System,storage,20210522-22:00,-2.553202531824685
2002,Clean Fuel Home,fossil_fuel,20210522-22:00,0.4643677116685706
2001,Intelligent Storage System,storage,20210522-23:00,-2.283190306282378
2002,Clean Fuel Home,fossil_fuel,20210522-23:00,0.4643677116685706
2001,Intelligent Storage System,storage,20210523-00:00,-1.1874646407687592
2002,Clean Fuel Home,fossil_fuel,20210523-00:00,0.4643677116685706
2001,Intelligent Storage System,storage,20210523-01:00,-0.8798784115603385
2002,Clean Fuel Home,fossil_fuel,20210523-01:00,0.4643677116685706
2001,Intelligent Storage System,storage,20210523-02:00,-0.4055809846490154
2002,Clean Fuel Home,fossil_fuel,20210523-02:00,0.4643677116685706
2001,Intelligent Storage System,storage,20210523-03:00,-0.8010544529405468
2002,Clean Fuel Home,fossil_fuel,20210523-03:00,0.4643677116685706
2001,Intelligent Storage System,storage,20210523-04:00,-0.9038859556232014
2002,Clean Fuel Home,fossil_fuel,20210523-04:00,0.4643677116685706
2001,Intelligent Storage System,storage,20210523-05:00,-1.4498755368536178
2002,Clean Fuel Home,fossil_fuel,20210523-05:00,0.4643677116685706
2001,Intelligent Storage System,storage,20210523-06:00,-0.9905959038731666
2002,Clean Fuel Home,fossil_fuel,20210523-06:00,0.4643677116685706
2001,Intelligent Storage System,storage,20210523-07:00,-1.085981566646042
2002,Clean Fuel Home,fossil_fuel,20210523-07:00,0.4643677116685706
2001,Intelligent Storage System,storage,20210523-08:00,-0.7498761917840007
2002,Clean Fuel Home,fossil_fuel,20210523-08:00,0.4643677116685706
2001,Intelligent Storage System,storage,20210523-09:00,0.2641192672939894
2002,Clean Fuel Home,fossil_fuel,20210523-09:00,0.4643677116685706
2001,Intelligent Storage System,storage,20210523-10:00,0.7291635966085667
2002,Clean Fuel Home,fossil_fuel,20210523-10:00,0.4643677116685706
2001,Intelligent Storage System,storage,20210523-11:00,0.7187684116886867
2002,Clean Fuel Home,fossil_fuel,20210523-11:00,0.4643677116685706
2001,Intelligent Storage System,storage,20210523-12:00,0.7083517117309862
2002,Clean Fuel Home,fossil_fuel,20210523-12:00,0.4643677116685706
2001,Intelligent Storage System,storage,20210523-13:00,0.2991072235002969
2002,Clean Fuel Home,fossil_fuel,20210523-13:00,0.4643677116685706
2001,Intelligent Storage System,storage,20210523-14:00,0.2946288155764133
2002,Clean Fuel Home,fossil_fuel,20210523-14:00,0.4643677116685706
2001,Intelligent Storage System,storage,20210523-15:00,-0.09671518371214763
2002,Clean Fuel Home,fossil_fuel,20210523-15:00,0.4643677116685706
2001,Intelligent Storage System,storage,20210523-16:00,-0.38087855136339144
2002,Clean Fuel Home,fossil_fuel,20210523-16:00,0.4643677116685706
2001,Intelligent Storage System,storage,20210523-17:00,-1.0309581268490426
2002,Clean Fuel Home,fossil_fuel,20210523-17:00,0.4643677116685706
2001,Intelligent Storage System,storage,20210523-18:00,-0.9222717052424194
2002,Clean Fuel Home,fossil_fuel,20210523-18:00,0.4643677116685706
2001,Intelligent Storage System,storage,20210523-19:00,-2.177550154332919
2002,Clean Fuel Home,fossil_fuel,20210523-19:00,0.4643677116685706
2001,Intelligent Storage System,storage,20210523-20:00,-2.8555594150608807
2002,Clean Fuel Home,fossil_fuel,20210523-20:00,0.4643677116685706
2001,Intelligent Storage System,storage,20210523-21:00,-3.1587338345662372
2002,Clean Fuel Home,fossil_fuel,20210523-21:00,0.4643677116685706
2001,Intelligent Storage System,storage,20210523-22:00,-2.328774101402071
2002,Clean Fuel Home,fossil_fuel,20210523-22:00,0.4643677116685706
2001,Intelligent Storage System,storage,20210523-23:00,-2.119040078640768
2002,Clean Fuel Home,fossil_fuel,20210523-23:00,0.4643677116685706
2001,Intelligent Storage System,storage,20210524-00:00,-0.8327525176163932
2002,Clean Fuel Home,fossil_fuel,20210524-00:00,0.4643677116685706
2001,Intelligent Storage System,storage,20210524-01:00,-0.6134426431940098
2002,Clean Fuel Home,fossil_fuel,20210524-01:00,0.4643677116685706
2001,Intelligent Storage System,storage,20210524-02:00,-0.2810969655988353
2002,Clean Fuel Home,fossil_fuel,20210524-02:00,0.4643677116685706
2001,Intelligent Storage System,storage,20210524-03:00,-0.5518727442272406
2002,Clean Fuel Home,fossil_fuel,20210524-03:00,0.4643677116685706
2001,Intelligent Storage System,storage,20210524-04:00,-0.6189559835629833
2002,Clean Fuel Home,fossil_fuel,20210524-04:00,0.4643677116685706
2001,Intelligent Storage System,storage,20210524-05:00,-0.986771911310326
2002,Clean Fuel Home,fossil_fuel,20210524-05:00,0.4643677116685706
2001,Intelligent Storage System,storage,20210524-06:00,-0.6700281437525074
2002,Clean Fuel Home,fossil_fuel,20210524-06:00,0.4643677116685706
2001,Intelligent Storage System,storage,20210524-07:00,-0.7299612159835585
2002,Clean Fuel Home,fossil_fuel,20210524-07:00,0.4643677116685706
2001,Intelligent Storage System,storage,20210524-08:00,-0.5008617760723396
2002,Clean Fuel Home,fossil_fuel,20210524-08:00,0.4643677116685706
2001,Intelligent Storage System,storage,20210524-09:00,0.17528687495986175
2002,Clean Fuel Home,fossil_fuel,20210524-09:00,0.4643677116685706
2001,Intelligent Storage System,storage,20210524-10:00,0.48080071479888076
2002,Clean Fuel Home,fossil_fuel,20210524-10:00,0.4643677116685706
2001,Intelligent Storage System,storage,20210524-11:00,0.4708575768121425
2002,Clean Fuel Home,fossil_fuel,20210524-11:00,0.4643677116685706
2001,Intelligent Storage System,storage,20210524-12:00,0.460977202008486
2002,Clean Fuel Home,fossil_fuel,20210524-12:00,0.4643677116685706
2001,Intelligent Storage System,storage,20210524-13:00,0.1933555340579227
2002,Clean Fuel Home,fossil_fuel,20210524-13:00,0.4643677116685706
2001,Intelligent Storage System,storage,20210524-14:00,0.189179136097653
2002,Clean Fuel Home,fossil_fuel,20210524-14:00,0.4643677116685706
2001,Intelligent Storage System,storage,20210524-15:00,-0.061677948610214695
2002,Clean Fuel Home,fossil_fuel,20210524-15:00,0.4643677116685706
2001,Intelligent Storage System,storage,20210524-16:00,-0.24122802870848692
2002,Clean Fuel Home,fossil_fuel,20210524-16:00,0.4643677116685706
2001,Intelligent Storage System,storage,20210524-17:00,-0.648420653866881
2002,Clean Fuel Home,fossil_fuel,20210524-17:00,0.4643677116685706
2001,Intelligent Storage System,storage,20210524-18:00,-0.5759935920071547
2002,Clean Fuel Home,fossil_fuel,20210524-18:00,0.4643677116685706
2001,Intelligent Storage System,storage,20210524-19:00,-1.3503243496006476
2002,Clean Fuel Home,fossil_fuel,20210524-19:00,0.4643677116685706
2001,Intelligent Storage System,storage,20210524-20:00,-1.7580868725216223
2002,Clean Fuel Home,fossil_fuel,20210524-20:00,0.4643677116685706
2001,Intelligent Storage System,storage,20210524-21:00,-1.9306751770840669
2002,Clean Fuel Home,fossil_fuel,20210524-21:00,0.4643677116685706
2001,Intelligent Storage System,storage,20210524-22:00,-1.412987324304381
2002,Clean Fuel Home,fossil_fuel,20210524-22:00,0.4643677116685706
2001,Intelligent Storage System,storage,20210524-23:00,-1.2762398150215886
2002,Clean Fuel Home,fossil_fuel,20210524-23:00,0.4643677116685706
2001,Intelligent Storage System,storage,20210525-00:00,-0.6471455247411411
2002,Clean Fuel Home,fossil_fuel,20210525-00:00,0.4643677116685706
2001,Intelligent Storage System,storage,20210525-01:00,-0.5095200781127867
2002,Clean Fuel Home,fossil_fuel,20210525-01:00,0.4643677116685706
2001,Intelligent Storage System,storage,20210525-02:00,-0.30735790247545824
2002,Clean Fuel Home,fossil_fuel,20210525-02:00,0.4643677116685706
2001,Intelligent Storage System,storage,20210525-03:00,-0.46061088779802956
2002,Clean Fuel Home,fossil_fuel,20210525-03:00,0.4643677116685706
2001,Intelligent Storage System,storage,20210525-04:00,-0.493369986859835
2002,Clean Fuel Home,fossil_fuel,20210525-04:00,0.4643677116685706
2001,Intelligent Storage System,storage,20210525-05:00,-0.6985331944192826
2002,Clean Fuel Home,fossil_fuel,20210525-05:00,0.4643677116685706
2001,Intelligent Storage System,storage,20210525-06:00,-0.5097708819993788
2002,Clean Fuel Home,fossil_fuel,20210525-06:00,0.4643677116685706
2001,Intelligent Storage System,storage,20210525-07:00,-0.5371579781842006
2002,Clean Fuel Home,fossil_fuel,20210525-07:00,0.4643677116685706
2001,Intelligent Storage System,storage,20210525-08:00,-0.4017540412031388
2002,Clean Fuel Home,fossil_fuel,20210525-08:00,0.4643677116685706
2001,Intelligent Storage System,storage,20210525-09:00,-0.01952391882476994
2002,Clean Fuel Home,fossil_fuel,20210525-09:00,0.4643677116685706
2001,Intelligent Storage System,storage,20210525-10:00,0.15174952820015397
2002,Clean Fuel Home,fossil_fuel,20210525-10:00,0.4643677116685706
2001,Intelligent Storage System,storage,20210525-11:00,0.14737703679776068
2002,Clean Fuel Home,fossil_fuel,20210525-11:00,0.4643677116685706
2001,Intelligent Storage System,storage,20210525-12:00,0.14307470270731754
2002,Clean Fuel Home,fossil_fuel,20210525-12:00,0.4643677116685706
2001,Intelligent Storage System,storage,20210525-13:00,6.165880712205323e-16
2002,Clean Fuel Home,fossil_fuel,20210525-13:00,0.4643677116685706
2001,Intelligent Storage System,storage,20210525-14:00,5.981148993245482e-16
2002,Clean Fuel Home,fossil_fuel,20210525-14:00,0.4643677116685706
2001,Intelligent Storage System,storage,20210525-15:00,-0.13059597635685627
2002,Clean Fuel Home,fossil_fuel,20210525-15:00,0.4643677116685706
2001,Intelligent Storage System,storage,20210525-16:00,-0.22151725700388966
2002,Clean Fuel Home,fossil_fuel,20210525-16:00,0.4643677116685706
2001,Intelligent Storage System,storage,20210525-17:00,-0.42923984031103396
2002,Clean Fuel Home,fossil_fuel,20210525-17:00,0.4643677116685706
2001,Intelligent Storage System,storage,20210525-18:00,-0.3860103620005966
2002,Clean Fuel Home,fossil_fuel,20210525-18:00,0.4643677116685706
2001,Intelligent Storage System,storage,20210525-19:00,-0.7761087147482683
2002,Clean Fuel Home,fossil_fuel,20210525-19:00,0.4643677116685706
2001,Intelligent Storage System,storage,20210525-20:00,-0.9735269692325577
2002,Clean Fuel Home,fossil_fuel,20210525-20:00,0.4643677116685706
2001,Intelligent Storage System,storage,20210525-21:00,-1.0492574188755417
2002,Clean Fuel Home,fossil_fuel,20210525-21:00,0.4643677116685706
2001,Intelligent Storage System,storage,20210525-22:00,-0.7803526862699944
2002,Clean Fuel Home,fossil_fuel,20210525-22:00,0.4643677116685706
2001,Intelligent Storage System,storage,20210525-23:00,-0.7038709625489527
2002,Clean Fuel Home,fossil_fuel,20210525-23:00,0.4643677116685706
2001,Intelligent Storage System,storage,20210526-00:00,0.2671188414938682
2002,Clean Fuel Home,fossil_fuel,20210526-00:00,0.4643677116685706
2001,Intelligent Storage System,storage,20210526-01:00,0.31654267001037223
2002,Clean Fuel Home,fossil_fuel,20210526-01:00,0.4643677116685706
2001,Intelligent Storage System,storage,20210526-02:00,0.39603300810467323
2002,Clean Fuel Home,fossil_fuel,20210526-02:00,0.4643677116685706
2001,Intelligent Storage System,storage,20210526-03:00,0.3056488358624069
2002,Clean Fuel Home,fossil_fuel,20210526-03:00,0.4643677116685706
2001,Intelligent Storage System,storage,20210526-04:00,0.27368078363907833
2002,Clean Fuel Home,fossil_fuel,20210526-04:00,0.4643677116685706
2001,Intelligent Storage System,storage,20210526-05:00,0.162330593816683
2002,Clean Fuel Home,fossil_fuel,20210526-05:00,0.4643677116685706
2001,Intelligent Storage System,storage,20210526-06:00,0.234586270462874
2002,Clean Fuel Home,fossil_fuel,20210526-06:00,0.4643677116685706
2001,Intelligent Storage System,storage,20210526-07:00,0.2070736379249409
2002,Clean Fuel Home,fossil_fuel,20210526-07:00,0.4643677116685706
2001,Intelligent Storage System,storage,20210526-08:00,0.253669984002608
2002,Clean Fuel Home,fossil_fuel,20210526-08:00,0.4643677116685706
2001,Intelligent Storage System,storage,20210526-09:00,0.4096512241739458
2002,Clean Fuel Home,fossil_fuel,20210526-09:00,0.4643677116685706
2001,Intelligent Storage System,storage,20210526-10:00,0.4693582928673294
2002,Clean Fuel Home,fossil_fuel,20210526-10:00,0.4643677116685706
2001,Intelligent Storage System,storage,20210526-11:00,0.4511256982876827
2002,Clean Fuel Home,fossil_fuel,20210526-11:00,0.4643677116685706
2001,Intelligent Storage System,storage,20210526-12:00,0.43339302235600125
2002,Clean Fuel Home,fossil_fuel,20210526-12:00,0.4643677116685706
2001,Intelligent Storage System,storage,20210526-13:00,0.35670485022966203
2002,Clean Fuel Home,fossil_fuel,20210526-13:00,0.4643677116685706
2001,Intelligent Storage System,storage,20210526-14:00,0.3423502929617634
2002,Clean Fuel Home,fossil_fuel,20210526-14:00,0.4643677116685706
2001,Intelligent Storage System,storage,20210526-15:00,0.2736763046629225
2002,Clean Fuel Home,fossil_fuel,20210526-15:00,0.4643677116685706
2001,Intelligent Storage System,storage,20210526-16:00,0.22304277237771516
2002,Clean Fuel Home,fossil_fuel,20210526-16:00,0.4643677116685706
2001,Intelligent Storage System,storage,20210526-17:00,0.12573430690005766
2002,Clean Fuel Home,fossil_fuel,20210526-17:00,0.4643677116685706
2001,Intelligent Storage System,storage,20210526-18:00,0.13247739811036668
2002,Clean Fuel Home,fossil_fuel,20210526-18:00,0.4643677116685706
2001,Intelligent Storage System,storage,20210526-19:00,-0.03458952870240335
2002,Clean Fuel Home,fossil_fuel,20210526-19:00,0.4643677116685706
2001,Intelligent Storage System,storage,20210526-20:00,-0.12135775777497505
2002,Clean Fuel Home,fossil_fuel,20210526-20:00,0.4643677116685706
2001,Intelligent Storage System,storage,20210526-21:00,-0.15826794851785328
2002,Clean Fuel Home,fossil_fuel,20210526-21:00,0.4643677116685706
2001,Intelligent Storage System,storage,20210526-22:00,-0.06051365732640482
2002,Clean Fuel Home,fossil_fuel,20210526-22:00,0.4643677116685706
2001,Intelligent Storage System,storage,20210526-23:00,-0.03854200905268531
2002,Clean Fuel Home,fossil_fuel,20210526-23:00,0.4643677116685706
2001,Intelligent Storage System,storage,20210527-00:00,0.10120668458740471
2002,Clean Fuel Home,fossil_fuel,20210527-00:00,0.4643677116685706
2001,Intelligent Storage System,storage,20210527-01:00,0.11853880831838147
2002,Clean Fuel Home,fossil_fuel,20210527-01:00,0.4643677116685706
2001,Intelligent Storage System,storage,20210527-02:00,0.1465687542212363
2002,Clean Fuel Home,fossil_fuel,20210527-02:00,0.4643677116685706
2001,Intelligent Storage System,storage,20210527-03:00,0.1117821304731195
2002,Clean Fuel Home,fossil_fuel,20210527-03:00,0.4643677116685706
2001,Intelligent Storage System,storage,20210527-04:00,0.09889886009597218
2002,Clean Fuel Home,fossil_fuel,20210527-04:00,0.4643677116685706
2001,Intelligent Storage System,storage,20210527-05:00,0.05795651125785609
2002,Clean Fuel Home,fossil_fuel,20210527-05:00,0.4643677116685706
2001,Intelligent Storage System,storage,20210527-06:00,0.0827402193010571
2002,Clean Fuel Home,fossil_fuel,20210527-06:00,0.4643677116685706
2001,Intelligent Storage System,storage,20210527-07:00,0.07214533662268512
2002,Clean Fuel Home,fossil_fuel,20210527-07:00,0.4643677116685706
2001,Intelligent Storage System,storage,20210527-08:00,0.08729288998370749
2002,Clean Fuel Home,fossil_fuel,20210527-08:00,0.4643677116685706
2001,Intelligent Storage System,storage,20210527-09:00,0.1392217740744302
2002,Clean Fuel Home,fossil_fuel,20210527-09:00,0.4643677116685706
2001,Intelligent Storage System,storage,20210527-10:00,0.15752050887833
2002,Clean Fuel Home,fossil_fuel,20210527-10:00,0.4643677116685706
2001,Intelligent Storage System,storage,20210527-11:00,0.14949486669994635
2002,Clean Fuel Home,fossil_fuel,20210527-11:00,0.4643677116685706
2001,Intelligent Storage System,storage,20210527-12:00,0.14179566032825655
2002,Clean Fuel Home,fossil_fuel,20210527-12:00,0.4643677116685706
2001,Intelligent Storage System,storage,20210527-13:00,0.11521217366684787
2002,Clean Fuel Home,fossil_fuel,20210527-13:00,0.4643677116685706
2001,Intelligent Storage System,storage,20210527-14:00,0.10915012084451385
2002,Clean Fuel Home,fossil_fuel,20210527-14:00,0.4643677116685706
2001,Intelligent Storage System,storage,20210527-15:00,0.08612128786906637
2002,Clean Fuel Home,fossil_fuel,20210527-15:00,0.4643677116685706
2001,Intelligent Storage System,storage,20210527-16:00,0.06926865025054284
2002,Clean Fuel Home,fossil_fuel,20210527-16:00,0.4643677116685706
2001,Intelligent Storage System,storage,20210527-17:00,0.038533004659398476
2002,Clean Fuel Home,fossil_fuel,20210527-17:00,0.4643677116685706
2001,Intelligent Storage System,storage,20210527-18:00,0.04005958586930858
2002,Clean Fuel Home,fossil_fuel,20210527-18:00,0.4643677116685706
2001,Intelligent Storage System,storage,20210527-19:00,-0.010319288931990217
2002,Clean Fuel Home,fossil_fuel,20210527-19:00,0.4643677116685706
2001,Intelligent Storage System,storage,20210527-20:00,-0.035716411971255364
2002,Clean Fuel Home,fossil_fuel,20210527-20:00,0.4643677116685706
2001,Intelligent Storage System,storage,20210527-21:00,-0.04594549173239615
2002,Clean Fuel Home,fossil_fuel,20210527-21:00,0.4643677116685706
2001,Intelligent Storage System,storage,20210527-22:00,-0.017326358324340506
2002,Clean Fuel Home,fossil_fuel,20210527-22:00,0.4643677116685706
2001,Intelligent Storage System,storage,20210527-23:00,-0.01088294203070805
2002,Clean Fuel Home,fossil_fuel,20210527-23:00,0.4643677116685706
2001,Intelligent Storage System,storage,20210528-00:00,0.005123544098438961
2002,Clean Fuel Home,fossil_fuel,20210528-00:00,0.4643677116685706
2001,Intelligent Storage System,storage,20210528-01:00,0.010847483811211337
2002,Clean Fuel Home,fossil_fuel,20210528-01:00,0.4643677116685706
2001,Intelligent Storage System,storage,20210528-02:00,0.019267761625474358
2002,Clean Fuel Home,fossil_fuel,20210528-02:00,0.4643677116685706
2001,Intelligent Storage System,storage,20210528-03:00,0.010651137176081899
2002,Clean Fuel Home,fossil_fuel,20210528-03:00,0.4643677116685706
2001,Intelligent Storage System,storage,20210528-04:00,0.00800230957874028
2002,Clean Fuel Home,fossil_fuel,20210528-04:00,0.4643677116685706
2001,Intelligent Storage System,storage,20210528-05:00,-0.00187757994608268
2002,Clean Fuel Home,fossil_fuel,20210528-05:00,0.4643677116685706
2001,Intelligent Storage System,storage,20210528-06:00,0.005282924585005529
2002,Clean Fuel Home,fossil_fuel,20210528-06:00,0.4643677116685706
2001,Intelligent Storage System,storage,20210528-07:00,0.003301014561329624
2002,Clean Fuel Home,fossil_fuel,20210528-07:00,0.4643677116685706
2001,Intelligent Storage System,storage,20210528-08:00,0.007729639344018981
2002,Clean Fuel Home,fossil_fuel,20210528-08:00,0.4643677116685706
2001,Intelligent Storage System,storage,20210528-09:00,0.02098139792831488
2002,Clean Fuel Home,fossil_fuel,20210528-09:00,0.4643677116685706
2001,Intelligent Storage System,storage,20210528-10:00,0.025715829003466886
2002,Clean Fuel Home,fossil_fuel,20210528-10:00,0.4643677116685706
2001,Intelligent Storage System,storage,20210528-11:00,0.024037110348930732
2002,Clean Fuel Home,fossil_fuel,20210528-11:00,0.4643677116685706
2001,Intelligent Storage System,storage,20210528-12:00,0.022452416761565928
2002,Clean Fuel Home,fossil_fuel,20210528-12:00,0.4643677116685706
2001,Intelligent Storage System,storage,20210528-13:00,0.016545450036584176
2002,Clean Fuel Home,fossil_fuel,20210528-13:00,0.4643677116685706
2001,Intelligent Storage System,storage,20210528-14:00,0.015433033011261485
2002,Clean Fuel Home,fossil_fuel,20210528-14:00,0.4643677116685706
2001,Intelligent Storage System,storage,20210528-15:00,0.010549166544508628
2002,Clean Fuel Home,fossil_fuel,20210528-15:00,0.4643677116685706
2001,Intelligent Storage System,storage,20210528-16:00,0.007146139412729765
2002,Clean Fuel Home,fossil_fuel,20210528-16:00,0.4643677116685706
2001,Intelligent Storage System,storage,20210528-17:00,0.000831430551959037
2002,Clean Fuel Home,fossil_fuel,20210528-17:00,0.4643677116685706
2001,Intelligent Storage System,storage,20210528-18:00,0.0015466311307232672
2002,Clean Fuel Home,fossil_fuel,20210528-18:00,0.4643677116685706
2001,Intelligent Storage System,storage,20210528-19:00,-0.008624876728030917
2002,Clean Fuel Home,fossil_fuel,20210528-19:00,0.4643677116685706
2001,Intelligent Storage System,storage,20210528-20:00,-0.013350529726711266
2002,Clean Fuel Home,fossil_fuel,20210528-20:00,0.4643677116685706
2001,Intelligent Storage System,storage,20210528-21:00,-0.014868130630770448
2002,Clean Fuel Home,fossil_fuel,20210528-21:00,0.4643677116685706
2001,Intelligent Storage System,storage,20210528-22:00,-0.008617684540813159
2002,Clean Fuel Home,fossil_fuel,20210528-22:00,0.4643677116685706
2001,Intelligent Storage System,storage,20210528-23:00,-0.006921054636736764
2002,Clean Fuel Home,fossil_fuel,20210528-23:00,0.4643677116685706
