dTime,id,energy_power
20210501-00:00,1001,11.153244683662647
20210501-00:00,1002,11.487927962363631
20210501-00:00,1003,-18.32503372829737
20210501-00:00,2000,4.316131166015299
20210501-00:00,2001,6.208521492842161
20210501-01:00,1001,13.2996150136026
20210501-01:00,1002,10.713920302545452
20210501-01:00,1003,-23.01018300037231
20210501-01:00,2000,1.0033511804770232
20210501-01:00,2001,6.208521492842161
20210501-02:00,1001,17.494496777352296
20210501-02:00,1002,6.858366977116876
20210501-02:00,1003,-34.281001446264284
20210501-02:00,2000,-9.928131007615361
20210501-02:00,2001,6.208521492842161
20210501-03:00,1001,19.07050876052995
20210501-03:00,1002,5.941600354155835
20210501-03:00,1003,-37.55661614200712
20210501-03:00,2000,-12.544502357487795
20210501-03:00,2001,6.208521492842161
20210501-04:00,1001,19.819442262166135
20210501-04:00,1002,5.624188274519471
20210501-04:00,1003,-39.14789933360679
20210501-04:00,2000,-13.70426623828302
20210501-04:00,2001,6.208521492842161
20210501-05:00,1001,20.8684683842769
20210501-05:00,1002,4.374874551376612
20210501-05:00,1003,-42.73605730855206
20210501-05:00,2000,-17.492712943335224
20210501-05:00,2001,6.208521492842161
20210501-06:00,1001,20.303004584462236
20210501-06:00,1002,4.55288275844155
20210501-06:00,1003,-41.64434181046202
20210501-06:00,2000,-16.788453977503575
20210501-06:00,2001,6.208521492842161
20210501-07:00,1001,19.203210756964676
20210501-07:00,1002,4.952483142753236
20210501-07:00,1003,-39.366474580533534
20210501-07:00,2000,-15.210780567626976
20210501-07:00,2001,6.208521492842161
20210501-08:00,1001,17.85945074218184
20210501-08:00,1002,5.301700507350639
20210501-08:00,1003,-36.99077550990232
20210501-08:00,2000,-13.829624246976852
20210501-08:00,2001,6.208521492842161
20210501-09:00,1001,16.264280172790386
20210501-09:00,1002,5.766232306649342
20210501-09:00,1003,-33.728216922866835
20210501-09:00,2000,-11.697704443242987
20210501-09:00,2001,6.208521492842161
20210501-10:00,1001,11.107997317838514
20210501-10:00,1002,10.429833483142854
20210501-10:00,1003,-20.8682992265648
20210501-10:00,2000,0.6695315744141942
20210501-10:00,2001,6.208521492842161
20210501-11:00,1001,8.697768080129558
20210501-11:00,1002,10.954624371870125
20210501-11:00,1003,-15.642252020893809
20210501-11:00,2000,4.010140428366173
20210501-11:00,2001,6.208521492842161
20210501-12:00,1001,8.687988780866373
20210501-12:00,1002,10.60718954693506
20210501-12:00,1003,-15.858552730065217
20210501-12:00,2000,3.436625575150957
20210501-12:00,2001,6.208521492842161
20210501-13:00,1001,8.235645031092348
20210501-13:00,1002,10.838903316051942
20210501-13:00,1003,-15.01893219472755
20210501-13:00,2000,4.055616037317104
20210501-13:00,2001,6.208521492842161
20210501-14:00,1001,7.228345657126115
20210501-14:00,1002,11.872701237324671
20210501-14:00,1003,-12.175814190498116
20210501-14:00,2000,6.925232123534152
20210501-14:00,2001,6.208521492842161
20210501-15:00,1001,6.80228975538066
20210501-15:00,1002,12.181730377168828
20210501-15:00,1003,-11.387149592350932
20210501-15:00,2000,7.596869035345345
20210501-15:00,2001,6.208521492842161
20210501-16:00,1001,6.8749925840611805
20210501-16:00,1002,12.250970370051943
20210501-16:00,1003,-11.479749544913703
20210501-16:00,2000,7.646210317424402
20210501-16:00,2001,6.208521492842161
20210501-17:00,1001,5.86793038147157
20210501-17:00,1002,12.726758601454542
20210501-17:00,1003,-9.1655982548834
20210501-17:00,2000,9.42908371270566
20210501-17:00,2001,6.208521492842161
20210501-18:00,1001,5.872316167653388
20210501-18:00,1002,11.574402420675318
20210501-18:00,1003,-9.130050755662618
20210501-18:00,2000,8.31665729540483
20210501-18:00,2001,6.208521492842161
20210501-19:00,1001,6.126458562032608
20210501-19:00,1002,11.077625701402589
20210501-19:00,1003,-8.889335698675602
20210501-19:00,2000,8.314731668470557
20210501-19:00,2001,6.208521492842161
20210501-20:00,1001,5.495205136720921
20210501-20:00,1002,11.932543110883106
20210501-20:00,1003,-6.194389513632315
20210501-20:00,2000,11.233323831623741
20210501-20:00,2001,6.208521492842161
20210501-21:00,1001,5.740203130188453
20210501-21:00,1002,11.95021786296103
20210501-21:00,1003,-6.588433788459155
20210501-21:00,2000,11.10193648159226
20210501-21:00,2001,6.208521492842161
20210501-22:00,1001,7.326462527457606
20210501-22:00,1002,10.17190898072726
20210501-22:00,1003,-11.321457725174012
20210501-22:00,2000,6.17687360884479
20210501-22:00,2001,6.208521492842161
20210501-23:00,1001,8.599181404923272
20210501-23:00,1002,10.259736074857132
20210501-23:00,1003,-13.88322649711075
20210501-23:00,2000,4.9756461600471305
20210501-23:00,2001,6.208521492842161
20210502-00:00,1001,10.201262794784876
20210502-00:00,1002,9.921204989272718
20210502-00:00,1003,-17.306833218263183
20210502-00:00,2000,2.815600249390263
20210502-00:00,2001,6.208521492842161
20210502-01:00,1001,12.261931208125226
20210502-01:00,1002,9.35266301587012
20210502-01:00,1003,-21.4841171055298
20210502-01:00,2000,0.1304750102085928
20210502-01:00,2001,6.208521492842161
20210502-02:00,1001,15.32802555424028
20210502-02:00,1002,7.23921560542856
20210502-02:00,1003,-29.330974634729102
20210502-02:00,2000,-6.763591133492991
20210502-02:00,2001,6.208521492842161
20210502-03:00,1001,16.495277041013196
20210502-03:00,1002,6.840287344935053
20210502-03:00,1003,-31.596390961863744
20210502-03:00,2000,-8.26060366560662
20210502-03:00,2001,6.208521492842161
20210502-04:00,1001,17.12474469466628
20210502-04:00,1002,6.602751196337652
20210502-04:00,1003,-32.839908035401464
20210502-04:00,2000,-9.11210121164834
20210502-04:00,2001,6.208521492842161
20210502-05:00,1001,17.726006822205708
20210502-05:00,1002,6.053137689272716
20210502-05:00,1003,-34.862743908284685
20210502-05:00,2000,-11.08312706792966
20210502-05:00,2001,6.208521492842161
20210502-06:00,1001,17.437411024572086
20210502-06:00,1002,6.084436554077912
20210502-06:00,1003,-34.24913841382528
20210502-06:00,2000,-10.726726248017872
20210502-06:00,2001,6.208521492842161
20210502-07:00,1001,15.375259702167089
20210502-07:00,1002,6.6666831943896
20210502-07:00,1003,-30.144998536846984
20210502-07:00,2000,-8.102534231484487
20210502-07:00,2001,6.208521492842161
20210502-08:00,1001,13.30457722622355
20210502-08:00,1002,7.82681268174025
20210502-08:00,1003,-25.41392691507309
20210502-08:00,2000,-4.282203172361213
20210502-08:00,2001,6.208521492842161
20210502-09:00,1001,11.714133020551166
20210502-09:00,1002,8.40688033542856
20210502-09:00,1003,-22.16166577708922
20210502-09:00,2000,-2.0404613209851727
20210502-09:00,2001,6.208521492842161
20210502-10:00,1001,9.369454824722489
20210502-10:00,1002,10.200807049428562
20210502-10:00,1003,-16.088309020588024
20210502-10:00,2000,3.481564129362378
20210502-10:00,2001,6.208521492842161
20210502-11:00,1001,8.37733284895161
20210502-11:00,1002,10.460784560909085
20210502-11:00,1003,-14.154423273694142
20210502-11:00,2000,4.683075169725517
20210502-11:00,2001,6.208521492842161
20210502-12:00,1001,7.804423680539102
20210502-12:00,1002,10.569954256597397
20210502-12:00,1003,-13.357372800948331
20210502-12:00,2000,5.0162253905523455
20210502-12:00,2001,6.208521492842161
20210502-13:00,1001,7.253715664178063
20210502-13:00,1002,10.802951176155837
20210502-13:00,1003,-12.439526107013265
20210502-13:00,2000,5.616120184279489
20210502-13:00,2001,6.208521492842161
20210502-14:00,1001,6.400119512310531
20210502-14:00,1002,11.535154653896097
20210502-14:00,1003,-10.281151568186427
20210502-14:00,2000,7.652506036480648
20210502-14:00,2001,6.208521492842161
20210502-15:00,1001,6.028554336318324
20210502-15:00,1002,12.02010750140259
20210502-15:00,1003,-8.947590560580366
20210502-15:00,2000,9.09884845902184
20210502-15:00,2001,6.208521492842161
20210502-16:00,1001,6.215974552409232
20210502-16:00,1002,11.964163555558434
20210502-16:00,1003,-9.08852901596998
20210502-16:00,2000,9.089053718240722
20210502-16:00,2001,6.208521492842161
20210502-17:00,1001,6.015843172939102
20210502-17:00,1002,12.403723241584409
20210502-17:00,1003,-8.09069100256738
20210502-17:00,2000,10.325549633634488
20210502-17:00,2001,6.208521492842161
20210502-18:00,1001,6.080100315959882
20210502-18:00,1002,12.408084516623369
20210502-18:00,1003,-8.169214812363919
20210502-18:00,2000,10.315179914799348
20210502-18:00,2001,6.208521492842161
20210502-19:00,1001,6.014149397024817
20210502-19:00,1002,12.447872870649343
20210502-19:00,1003,-8.087868042710237
20210502-19:00,2000,10.369825072365627
20210502-19:00,2001,6.208521492842161
20210502-20:00,1001,5.6159637403832585
20210502-20:00,1002,13.211171948025967
20210502-20:00,1003,-6.831368138783832
20210502-20:00,2000,11.990101549499409
20210502-20:00,2001,6.208521492842161
20210502-21:00,1001,5.552395830468974
20210502-21:00,1002,13.370002050597396
20210502-21:00,1003,-6.668278765117167
20210502-21:00,2000,12.247591031588879
20210502-21:00,2001,6.208521492842161
20210502-22:00,1001,6.352358288507823
20210502-22:00,1002,12.405958703922073
20210502-22:00,1003,-9.976525666606912
20210502-22:00,2000,8.776532551619011
20210502-22:00,2001,6.208521492842161
20210502-23:00,1001,7.653531377720995
20210502-23:00,1002,11.970365344857138
20210502-23:00,1003,-12.747985288283118
20210502-23:00,2000,6.871297717602284
20210502-23:00,2001,6.208521492842161
20210503-00:00,1001,9.13910167897268
20210503-00:00,1002,11.443436810051942
20210503-00:00,1003,-15.911110034774556
20210503-00:00,2000,3.880017818493684
20210503-00:00,2001,6.208521492842161
20210503-01:00,1001,11.751544453426698
20210503-01:00,1002,10.498872439090905
20210503-01:00,1003,-21.34019733183069
20210503-01:00,2000,0.0
20210503-01:00,2001,6.208521492842161
20210503-02:00,1001,15.246725633489335
20210503-02:00,1002,8.133362673376618
20210503-02:00,1003,-31.06005315094545
20210503-02:00,2000,-7.6728401682905005
20210503-02:00,2001,6.208521492842161
20210503-03:00,1001,16.684121131219307
20210503-03:00,1002,7.469955069974019
20210503-03:00,1003,-34.313106816973786
20210503-03:00,2000,-10.148587356774973
20210503-03:00,2001,6.208521492842161
20210503-04:00,1001,17.592870544602274
20210503-04:00,1002,6.825723673116876
20210503-04:00,1003,-36.725960553548845
20210503-04:00,2000,-12.293381398375482
20210503-04:00,2001,6.208521492842161
20210503-05:00,1001,17.9548659660909
20210503-05:00,1002,6.557496252233761
20210503-05:00,1003,-38.4645935322242
20210503-05:00,2000,-13.934747589777553
20210503-05:00,2001,6.208521492842161
20210503-06:00,1001,16.82145211198987
20210503-06:00,1002,6.707865016597398
20210503-06:00,1003,-36.41402769606438
20210503-06:00,2000,-12.866944585244832
20210503-06:00,2001,6.208521492842161
20210503-07:00,1001,15.35629154235854
20210503-07:00,1002,6.976335764207789
20210503-07:00,1003,-33.4749302546642
20210503-07:00,2000,-11.125434067957213
20210503-07:00,2001,6.208521492842161
20210503-08:00,1001,13.253029680111323
20210503-08:00,1002,8.57965811828571
20210503-08:00,1003,-28.028388525570477
20210503-08:00,2000,-6.185422667367954
20210503-08:00,2001,6.208521492842161
20210503-09:00,1001,12.297479488342455
20210503-09:00,1002,9.096492132805192
20210503-09:00,1003,-25.94994267423587
20210503-09:00,2000,-4.547705699936569
20210503-09:00,2001,6.208521492842161
20210503-10:00,1001,9.325254809747104
20210503-10:00,1002,11.340778756025973
20210503-10:00,1003,-19.160490594058217
20210503-10:00,2000,1.5025615804583878
20210503-10:00,2001,6.208521492842161
20210503-11:00,1001,8.29755973418717
20210503-11:00,1002,11.991892964155843
20210503-11:00,1003,-16.550305930041485
20210503-11:00,2000,3.7310788330483513
20210503-11:00,2001,6.208521492842161
20210503-12:00,1001,8.06331071971053
20210503-12:00,1002,12.269252556415584
20210503-12:00,1003,-15.681708342424525
20210503-12:00,2000,4.639939611008822
20210503-12:00,2001,6.208521492842161
20210503-13:00,1001,8.0108507322404
20210503-13:00,1002,12.467872859584418
20210503-13:00,1003,-15.372846458545734
20210503-13:00,2000,5.092864442151265
20210503-13:00,2001,6.208521492842161
20210503-14:00,1001,7.990806076240401
20210503-14:00,1002,12.888752192571433
20210503-14:00,1003,-15.103724412831449
20210503-14:00,2000,5.759874657652004
20210503-14:00,2001,6.208521492842161
20210503-15:00,1001,7.536179693255986
20210503-15:00,1002,13.675215126415589
20210503-15:00,1003,-13.65315663166695
20210503-15:00,2000,7.535630861714172
20210503-15:00,2001,6.208521492842161
20210503-16:00,1001,8.189701726739102
20210503-16:00,1002,12.531125411428574
20210503-16:00,1003,-15.885217163662617
20210503-16:00,2000,4.819976003417618
20210503-16:00,2001,6.208521492842161
20210503-17:00,1001,7.132985925985856
20210503-17:00,1002,13.746438739480524
20210503-17:00,1003,-13.024024162407208
20210503-17:00,2000,7.827987530758434
20210503-17:00,2001,6.208521492842161
20210503-18:00,1001,7.245782650248193
20210503-18:00,1002,13.803584163454548
20210503-18:00,1003,-13.133447274273012
20210503-18:00,2000,7.886143893367144
20210503-18:00,2001,6.208521492842161
20210503-19:00,1001,8.039018479887154
20210503-19:00,1002,13.494260437038964
20210503-19:00,1003,-14.626935561766516
20210503-19:00,2000,6.8783791133433505
20210503-19:00,2001,6.208521492842161
20210503-20:00,1001,6.81380083528196
20210503-20:00,1002,13.966246893688314
20210503-20:00,1003,-12.392049011234048
20210503-20:00,2000,8.351485424137838
20210503-20:00,2001,6.208521492842161
20210503-21:00,1001,6.2247701380637785
20210503-21:00,1002,14.255185751168836
20210503-21:00,1003,-11.381759753965651
20210503-21:00,2000,9.055670863886933
20210503-21:00,2001,6.208521492842161
20210503-22:00,1001,6.155928998433849
20210503-22:00,1002,13.968720642935068
20210503-22:00,1003,-11.255313805375437
20210503-22:00,2000,5.693470718780702
20210503-22:00,2001,6.208521492842161
20210503-23:00,1001,6.678777970923366
20210503-23:00,1002,13.940908745506496
20210503-23:00,1003,-11.945502675387829
20210503-23:00,2000,0.0
20210503-23:00,2001,6.208521492842161
20210504-00:00,1001,6.682458027914112
20210504-00:00,1002,14.129075771610394
20210504-00:00,1003,-11.670296589407824
20210504-00:00,2000,0.0
20210504-00:00,2001,6.208521492842161
20210504-01:00,1001,5.7998723990935055
20210504-01:00,1002,14.749423959610391
20210504-01:00,1003,-9.46290545565257
20210504-01:00,2000,0.0
20210504-01:00,2001,6.208521492842161
20210504-02:00,1001,6.263258077568755
20210504-02:00,1002,13.790965123948052
20210504-02:00,1003,-10.702447430891286
20210504-02:00,2000,0.0
20210504-02:00,2001,6.208521492842161
20210504-03:00,1001,5.884894644328394
20210504-03:00,1002,14.197580723194807
20210504-03:00,1003,-9.690906388184969
20210504-03:00,2000,0.0
20210504-03:00,2001,6.208521492842161
20210504-04:00,1001,9.07478907144344
20210504-04:00,1002,12.424366467116885
20210504-04:00,1003,-16.98082931743736
20210504-04:00,2000,0.0
20210504-04:00,2001,6.208521492842161
20210504-05:00,1001,12.030473565642724
20210504-05:00,1002,9.702796226259736
20210504-05:00,1003,-24.766151029961105
20210504-05:00,2000,-3.0088207606858197
20210504-05:00,2001,6.208521492842161
20210504-06:00,1001,14.07127609543074
20210504-06:00,1002,8.652626081376619
20210504-06:00,1003,-29.234181644662232
20210504-06:00,2000,-6.455350388753499
20210504-06:00,2001,6.208521492842161
20210504-07:00,1001,14.41062404969265
20210504-07:00,1002,8.27262178867532
20210504-07:00,1003,-30.10266273828078
20210504-07:00,2000,-7.3529001332558535
20210504-07:00,2001,6.208521492842161
20210504-08:00,1001,13.83058550028688
20210504-08:00,1002,7.940013028519474
20210504-08:00,1003,-28.960886687715067
20210504-08:00,2000,-7.121852551585645
20210504-08:00,2001,6.208521492842161
20210504-09:00,1001,12.613278479947464
20210504-09:00,1002,8.435437887818178
20210504-09:00,1003,-26.147546493532797
20210504-09:00,2000,-5.047353844438229
20210504-09:00,2001,6.208521492842161
20210504-10:00,1001,9.733228455169206
20210504-10:00,1002,10.352393710779216
20210504-10:00,1003,-18.24794913799233
20210504-10:00,2000,1.8180103784751087
20210504-10:00,2001,6.208521492842161
20210504-11:00,1001,8.483814752324546
20210504-11:00,1002,10.04931159745454
20210504-11:00,1003,-16.060605903123783
20210504-11:00,2000,2.4445050431716635
20210504-11:00,2001,6.208521492842161
20210504-12:00,1001,8.924129505975465
20210504-12:00,1002,9.535301172935055
20210504-12:00,1003,-16.852120605247034
20210504-12:00,2000,1.5880394793666301
20210504-12:00,2001,6.208521492842161
20210504-13:00,1001,9.052001541037804
20210504-13:00,1002,10.127618580649344
20210504-13:00,1003,-16.172383520827122
20210504-13:00,2000,2.9691154847382246
20210504-13:00,2001,6.208521492842161
20210504-14:00,1001,7.389635371905336
20210504-14:00,1002,12.38639935602597
20210504-14:00,1003,-11.308916096082534
20210504-14:00,2000,8.353719733880132
20210504-14:00,2001,6.208521492842161
20210504-15:00,1001,7.39277204421183
20210504-15:00,1002,12.43413047067532
20210504-15:00,1003,-11.535572454688596
20210504-15:00,2000,8.174096125289957
20210504-15:00,2001,6.208521492842161
20210504-16:00,1001,7.299529877668974
20210504-16:00,1002,12.734247144519475
20210504-16:00,1003,-11.265883129498116
20210504-16:00,2000,3.63879143379728
20210504-16:00,2001,6.208521492842161
20210504-17:00,1001,6.216349630739103
20210504-17:00,1002,14.272227778181817
20210504-17:00,1003,-7.817725575091192
20210504-17:00,2000,0.0
20210504-17:00,2001,6.208521492842161
20210504-18:00,1001,5.918011889991051
20210504-18:00,1002,14.50316837651948
20210504-18:00,1003,-6.984781721463487
20210504-18:00,2000,0.0
20210504-18:00,2001,6.208521492842161
20210504-19:00,1001,5.4959624507053375
20210504-19:00,1002,14.807166042103894
20210504-19:00,1003,-6.067080275034916
20210504-19:00,2000,0.0
20210504-19:00,2001,6.208521492842161
20210504-20:00,1001,4.68419952771313
20210504-20:00,1002,15.900923401688312
20210504-20:00,1003,-3.364142070047902
20210504-20:00,2000,0.0
20210504-20:00,2001,6.208521492842161
20210504-21:00,1001,5.010225710440403
20210504-21:00,1002,15.44858174064935
20210504-21:00,1003,-4.350376184117167
20210504-21:00,2000,0.0
20210504-21:00,2001,6.208521492842161
20210504-22:00,1001,8.221326074067427
20210504-22:00,1002,11.945224522805193
20210504-22:00,1003,-13.94556897428487
20210504-22:00,2000,0.0
20210504-22:00,2001,6.208521492842161
20210504-23:00,1001,10.09186536663319
20210504-23:00,1002,10.600027872701292
20210504-23:00,1003,-18.591730452339235
20210504-23:00,2000,0.0
20210504-23:00,2001,6.208521492842161
20210505-00:00,1001,12.448189305254232
20210505-00:00,1002,9.565909926649343
20210505-00:00,1003,-23.476977356344875
20210505-00:00,2000,-1.4301837805915016
20210505-00:00,2001,6.208521492842161
20210505-01:00,1001,14.575412972724486
20210505-01:00,1002,8.81839663314285
20210505-01:00,1003,-28.031698411604665
20210505-01:00,2000,-4.52916290788619
20210505-01:00,2001,6.208521492842161
20210505-02:00,1001,18.405888132808304
20210505-02:00,1002,5.590134957999994
20210505-02:00,1003,-38.85383046408516
20210505-02:00,2000,-14.492660319169818
20210505-02:00,2001,6.208521492842161
20210505-03:00,1001,19.843043742537688
20210505-03:00,1002,5.157045649999992
20210505-03:00,1003,-41.74800270884421
20210505-03:00,2000,-16.316660886535526
20210505-03:00,2001,6.208521492842161
20210505-04:00,1001,19.9537894612962
20210505-04:00,1002,5.016647265532461
20210505-04:00,1003,-41.80127624487381
20210505-04:00,2000,-16.377005824746977
20210505-04:00,2001,6.208521492842161
20210505-05:00,1001,20.933359182246303
20210505-05:00,1002,3.5825054828311598
20210505-05:00,1003,-44.7102740607389
20210505-05:00,2000,-19.62449537096419
20210505-05:00,2001,6.208521492842161
20210505-06:00,1001,19.67957621580114
20210505-06:00,1002,4.009635199974017
20210505-06:00,1003,-42.09265860081437
20210505-06:00,2000,-17.86015138086216
20210505-06:00,2001,6.208521492842161
20210505-07:00,1001,17.823225995831187
20210505-07:00,1002,5.121832801324668
20210505-07:00,1003,-37.9887604262929
20210505-07:00,2000,-14.579371263803415
20210505-07:00,2001,6.208521492842161
20210505-08:00,1001,16.37904405606253
20210505-08:00,1002,5.926478113142851
20210505-08:00,1003,-35.001861682259346
20210505-08:00,2000,-12.28682750867063
20210505-08:00,2001,6.208521492842161
20210505-09:00,1001,14.913443992429372
20210505-09:00,1002,6.319889952285708
20210505-09:00,1003,-31.966659595293603
20210505-09:00,2000,-10.371730288842135
20210505-09:00,2001,6.208521492842161
20210505-10:00,1001,11.307375010040612
20210505-10:00,1002,9.440863078597395
20210505-10:00,1003,-22.12059646436585
20210505-10:00,2000,-1.3240919383546133
20210505-10:00,2001,6.208521492842161
20210505-11:00,1001,9.280335855880752
20210505-11:00,1002,10.43765802428571
20210505-11:00,1003,-17.81236273444696
20210505-11:00,2000,1.8356955417998886
20210505-11:00,2001,6.208521492842161
20210505-12:00,1001,8.956503430315724
20210505-12:00,1002,10.4129446511948
20210505-12:00,1003,-17.341791431528417
20210505-12:00,2000,1.9500440798847192
20210505-12:00,2001,6.208521492842161
20210505-13:00,1001,8.95830307467157
20210505-13:00,1002,10.092706270181813
20210505-13:00,1003,-17.66621941021673
20210505-13:00,2000,1.3295313536824571
20210505-13:00,2001,6.208521492842161
20210505-14:00,1001,8.200700091294946
20210505-14:00,1002,10.772601703948046
20210505-14:00,1003,-15.139262056969976
20210505-14:00,2000,3.674615570315902
20210505-14:00,2001,6.208521492842161
20210505-15:00,1001,7.747302649593648
20210505-15:00,1002,11.306232569792202
20210505-15:00,1003,-13.597885368420194
20210505-15:00,2000,5.219366729066562
20210505-15:00,2001,6.208521492842161
20210505-16:00,1001,7.854067979959881
20210505-16:00,1002,11.18800773532467
20210505-16:00,1003,-13.704399014268676
20210505-16:00,2000,5.09699815714556
20210505-16:00,2001,6.208521492842161
20210505-17:00,1001,7.3937982261261155
20210505-17:00,1002,11.742737255376618
20210505-17:00,1003,-12.294425615021924
20210505-17:00,2000,6.5210489236704134
20210505-17:00,2001,6.208521492842161
20210505-18:00,1001,7.213030254913129
20210505-18:00,1002,11.91608292158441
20210505-18:00,1003,-11.793145663000285
20210505-18:00,2000,6.977884544150746
20210505-18:00,2001,6.208521492842161
20210505-19:00,1001,6.996880864533908
20210505-19:00,1002,12.281433189428569
20210505-19:00,1003,-11.118610964749196
20210505-19:00,2000,7.745561396221682
20210505-19:00,2001,6.208521492842161
20210505-20:00,1001,7.018675687884556
20210505-20:00,1002,12.35272716267532
20210505-20:00,1003,-11.262078527476472
20210505-20:00,2000,7.681534950882749
20210505-20:00,2001,6.208521492842161
20210505-21:00,1001,6.764685889146895
20210505-21:00,1002,12.75201568885714
20210505-21:00,1003,-10.531619339104177
20210505-21:00,2000,8.492630933149538
20210505-21:00,2001,6.208521492842161
20210505-22:00,1001,8.109249402395292
20210505-22:00,1002,11.058954471064933
20210505-22:00,1003,-15.36131830245115
20210505-22:00,2000,3.590197560282957
20210505-22:00,2001,6.208521492842161
20210505-23:00,1001,8.774402678081426
20210505-23:00,1002,10.813269147584412
20210505-23:00,1003,-16.844002996827534
20210505-23:00,2000,2.5815434108552857
20210505-23:00,2001,6.208521492842161
20210506-00:00,1001,9.913224450018507
20210506-00:00,1002,10.537403345688308
20210506-00:00,1003,-19.02873892781133
20210506-00:00,2000,1.3346976953463487
20210506-00:00,2001,6.208521492842161
20210506-01:00,1001,11.91903373491182
20210506-01:00,1002,9.65992359815584
20210506-01:00,1003,-23.347603359738457
20210506-01:00,2000,-1.656141295765477
20210506-01:00,2001,6.208521492842161
20210506-02:00,1001,13.382007685344512
20210506-02:00,1002,8.025026310337658
20210506-02:00,1003,-28.40844451045477
20210506-02:00,2000,-6.53958667195302
20210506-02:00,2001,6.208521492842161
20210506-03:00,1001,15.621959135009403
20210506-03:00,1002,7.036991282805189
20210506-03:00,1003,-33.25427750270542
20210506-03:00,2000,-9.870880466307899
20210506-03:00,2001,6.208521492842161
20210506-04:00,1001,16.346826235211164
20210506-04:00,1002,6.435518337116877
20210506-04:00,1003,-35.20567557762435
20210506-04:00,2000,-11.54314631966584
20210506-04:00,2001,6.208521492842161
20210506-05:00,1001,16.89034901892413
20210506-05:00,1002,5.781940876883109
20210506-05:00,1003,-37.14735714411579
20210506-05:00,2000,-13.412773149342492
20210506-05:00,2001,6.208521492842161
20210506-06:00,1001,15.51469876015934
20210506-06:00,1002,6.267734686493499
20210506-06:00,1003,-34.269384676357944
20210506-06:00,2000,-11.538061306314512
20210506-06:00,2001,6.208521492842161
20210506-07:00,1001,14.920181753645576
20210506-07:00,1002,6.375681912077915
20210506-07:00,1003,-33.18007300679045
20210506-07:00,2000,-10.949419859915126
20210506-07:00,2001,6.208521492842161
20210506-08:00,1001,12.404969086833486
20210506-08:00,1002,7.907895196883111
20210506-08:00,1003,-27.332865887548436
20210506-08:00,2000,-6.448633894669805
20210506-08:00,2001,6.208521492842161
20210506-09:00,1001,11.046052093735778
20210506-09:00,1002,8.33513556228571
20210506-09:00,1003,-24.626085781619494
20210506-09:00,2000,-4.803324343614875
20210506-09:00,2001,6.208521492842161
20210506-10:00,1001,8.336481093672093
20210506-10:00,1002,10.576004611428568
20210506-10:00,1003,-17.591890989483463
20210506-10:00,2000,1.2056263983050737
20210506-10:00,2001,6.208521492842161
20210506-11:00,1001,7.768529116223151
20210506-11:00,1002,10.536790047090903
20210506-11:00,1003,-16.6861168874014
20210506-11:00,2000,1.4734858214493867
20210506-11:00,2001,6.208521492842161
20210506-12:00,1001,7.51475799895988
20210506-12:00,1002,10.548231539090905
20210506-12:00,1003,-16.246025236411533
20210506-12:00,2000,1.6479937623471486
20210506-12:00,2001,6.208521492842161
20210506-13:00,1001,7.409817581892348
20210506-13:00,1002,10.623180032259738
20210506-13:00,1003,-15.913981684156116
20210506-13:00,2000,1.9154449493384718
20210506-13:00,2001,6.208521492842161
20210506-14:00,1001,6.9804201569157245
20210506-14:00,1002,11.450632223220776
20210506-14:00,1003,-14.16974788062366
20210506-14:00,2000,3.838535753464926
20210506-14:00,2001,6.208521492842161
20210506-15:00,1001,6.751433769383258
20210506-15:00,1002,11.9126312465974
20210506-15:00,1003,-13.295246758545735
20210506-15:00,2000,4.818921848559249
20210506-15:00,2001,6.208521492842161
20210506-16:00,1001,6.631696643211829
20210506-16:00,1002,12.093157648467532
20210506-16:00,1003,-12.995684881593354
20210506-16:00,2000,5.123549000564948
20210506-16:00,2001,6.208521492842161
20210506-17:00,1001,6.20377586831053
20210506-17:00,1002,12.673700346883116
20210506-17:00,1003,-11.718197875805476
20210506-17:00,2000,6.378458134874506
20210506-17:00,2001,6.208521492842161
20210506-18:00,1001,6.292622009370271
20210506-18:00,1002,12.629539965688313
20210506-18:00,1003,-11.90913192042885
20210506-18:00,2000,6.224118664584108
20210506-18:00,2001,6.208521492842161
20210506-19:00,1001,6.397714285752089
20210506-19:00,1002,12.722077922077922
20210506-19:00,1003,-12.00571428582712
20210506-19:00,2000,6.288893388163915
20210506-19:00,2001,6.208521492842161
20210506-20:00,1001,6.06723090119105
20210506-20:00,1002,13.555612832
20210506-20:00,1003,-10.704908644892054
20210506-20:00,2000,7.851640271723973
20210506-20:00,2001,6.208521492842161
20210506-21:00,1001,6.270562001245596
20210506-21:00,1002,13.567251971298704
20210506-21:00,1003,-11.165222383078202
20210506-21:00,2000,7.60399358606497
20210506-21:00,2001,6.208521492842161
20210506-22:00,1001,7.834557164627722
20210506-22:00,1002,11.949134767142857
20210506-22:00,1003,-15.29138142363156
20210506-22:00,2000,3.9220662049995223
20210506-22:00,2001,6.208521492842161
20210506-23:00,1001,9.120872248302378
20210506-23:00,1002,11.438328815506493
20210506-23:00,1003,-18.060767659888725
20210506-23:00,2000,2.1718010388441327
20210506-23:00,2001,6.208521492842161
20210507-00:00,1001,11.6569883198238
20210507-00:00,1002,10.010354209532464
20210507-00:00,1003,-23.312342121899444
20210507-00:00,2000,-1.4235712333081874
20210507-00:00,2001,6.208521492842161
20210507-01:00,1001,14.184140092447151
20210507-01:00,1002,7.930562943350641
20210507-01:00,1003,-28.422194971461835
20210507-01:00,2000,-5.433560985104415
20210507-01:00,2001,6.208521492842161
20210507-02:00,1001,17.802033537379234
20210507-02:00,1002,5.066171613376612
20210507-02:00,1003,-37.02018115265852
20210507-02:00,2000,-12.134220250894735
20210507-02:00,2001,6.208521492842161
20210507-03:00,1001,18.813203438169342
20210507-03:00,1002,4.843326120545445
20210507-03:00,1003,-38.59963862063243
20210507-03:00,2000,-12.751299449929364
20210507-03:00,2001,6.208521492842161
20210507-04:00,1001,19.716120805974047
20210507-04:00,1002,4.610546851350638
20210507-04:00,1003,-40.281091817754046
20210507-04:00,2000,-13.547659080441367
20210507-04:00,2001,6.208521492842161
20210507-05:00,1001,20.749867123462792
20210507-05:00,1002,3.8732653397662222
20210507-05:00,1003,-43.30215574688542
20210507-05:00,2000,-15.781820712505741
20210507-05:00,2001,6.208521492842161
20210507-06:00,1001,19.328626980106485
20210507-06:00,1002,4.365967481116873
20210507-06:00,1003,-40.073518744507794
20210507-06:00,2000,-13.767576798122763
20210507-06:00,2001,6.208521492842161
20210507-07:00,1001,17.478370231955168
20210507-07:00,1002,5.987918546025964
20210507-07:00,1003,-35.90469082458014
20210507-07:00,2000,-10.400506392273336
20210507-07:00,2001,6.208521492842161
20210507-08:00,1001,15.769588200818408
20210507-08:00,1002,6.107292063870121
20210507-08:00,1003,-32.499835267969345
20210507-08:00,2000,-8.834882166760764
20210507-08:00,2001,6.208521492842161
20210507-09:00,1001,14.201619183218384
20210507-09:00,1002,6.778489835714277
20210507-09:00,1003,-29.27085637201036
20210507-09:00,2000,-6.857432978745445
20210507-09:00,2001,6.208521492842161
20210507-10:00,1001,11.275301312096303
20210507-10:00,1002,9.70885153901298
20210507-10:00,1003,-21.352938158266284
20210507-10:00,2000,-0.3033193348606081
20210507-10:00,2001,6.208521492842161
20210507-11:00,1001,8.116082324420077
20210507-11:00,1002,11.654794232831163
20210507-11:00,1003,-14.06189198677317
20210507-11:00,2000,4.668627691935938
20210507-11:00,2001,6.208521492842161
20210507-12:00,1001,7.811322194658583
20210507-12:00,1002,11.90793463602597
20210507-12:00,1003,-13.454584610195086
20210507-12:00,2000,5.093039787157153
20210507-12:00,2001,6.208521492842161
20210507-13:00,1001,7.889784092370271
20210507-13:00,1002,11.83698002711688
20210507-13:00,1003,-13.79964015400028
20210507-13:00,2000,4.789770255288227
20210507-13:00,2001,6.208521492842161
20210507-14:00,1001,6.57681249343261
20210507-14:00,1002,13.416912388857142
20210507-14:00,1003,-9.889925584342274
20210507-14:00,2000,8.11502945264851
20210507-14:00,2001,6.208521492842161
20210507-15:00,1001,6.022516391313129
20210507-15:00,1002,14.114074135662335
20210507-15:00,1003,-8.123241604619329
20210507-15:00,2000,9.5883990891475
20210507-15:00,2001,6.208521492842161
20210507-16:00,1001,5.87724374002222
20210507-16:00,1002,14.311098906025972
20210507-16:00,1003,-7.631120519134482
20210507-16:00,2000,9.958484407472422
20210507-16:00,2001,6.208521492842161
20210507-17:00,1001,5.557195585996246
20210507-17:00,1002,14.822101298233765
20210507-17:00,1003,-6.376278357662623
20210507-17:00,2000,11.03263275528154
20210507-17:00,2001,6.208521492842161
20210507-18:00,1001,5.777379862487155
20210507-18:00,1002,14.556834909844154
20210507-18:00,1003,-6.921823580385566
20210507-18:00,2000,10.496894359272737
20210507-18:00,2001,6.208521492842161
20210507-19:00,1001,6.513704907087155
20210507-19:00,1002,13.79881433355844
20210507-19:00,1003,-8.763317702337945
20210507-19:00,2000,8.977224659453466
20210507-19:00,2001,6.208521492842161
20210507-20:00,1001,6.299120675048194
20210507-20:00,1002,13.952096450311686
20210507-20:00,1003,-8.1128201727492
20210507-20:00,2000,9.369674388811886
20210507-20:00,2001,6.208521492842161
20210507-21:00,1001,6.352371971780662
20210507-21:00,1002,13.795818017220776
20210507-21:00,1003,-8.180143762541409
20210507-21:00,2000,9.172676150788575
20210507-21:00,2001,6.208521492842161
20210507-22:00,1001,8.416057230870374
20210507-22:00,1002,11.314406921064933
20210507-22:00,1003,-15.480314180066884
20210507-22:00,2000,3.233868835463493
20210507-22:00,2001,6.208521492842161
20210507-23:00,1001,9.447507720551542
20210507-23:00,1002,10.856996081558435
20210507-23:00,1003,-17.965888973948832
20210507-23:00,2000,1.766269537125712
20210507-23:00,2001,6.208521492842161
20210508-00:00,1001,11.7874301109665
20210508-00:00,1002,9.960837486883111
20210508-00:00,1003,-22.898497788086026
20210508-00:00,2000,-0.8621782143774052
20210508-00:00,2001,6.208521492842161
20210508-01:00,1001,13.672222088863712
20210508-01:00,1002,9.295400498649348
20210508-01:00,1003,-27.01100545278774
20210508-01:00,2000,-3.007489314461497
20210508-01:00,2001,6.208521492842161
20210508-02:00,1001,17.597884634512763
20210508-02:00,1002,5.823474837480514
20210508-02:00,1003,-38.56598654152755
20210508-02:00,2000,-11.17626680217475
20210508-02:00,2001,6.208521492842161
20210508-03:00,1001,18.766766276306967
20210508-03:00,1002,5.360113667818176
20210508-03:00,1003,-41.03958287464731
20210508-03:00,2000,-12.381156499904169
20210508-03:00,2001,6.208521492842161
20210508-04:00,1001,19.375701075641263
20210508-04:00,1002,5.15779668210389
20210508-04:00,1003,-42.39938047510925
20210508-04:00,2000,-12.972175095381738
20210508-04:00,2001,6.208521492842161
20210508-05:00,1001,20.49716639280089
20210508-05:00,1002,3.7358683479480463
20210508-05:00,1003,-46.56495674497775
20210508-05:00,2000,-16.07991378703692
20210508-05:00,2001,6.208521492842161
20210508-06:00,1001,19.82110998329831
20210508-06:00,1002,4.020746104103891
20210508-06:00,1003,-45.24537974502742
20210508-06:00,2000,-15.280598932561219
20210508-06:00,2001,6.208521492842161
20210508-07:00,1001,18.531666598175057
20210508-07:00,1002,4.569619488337656
20210508-07:00,1003,-42.68876902858028
20210508-07:00,2000,-13.863038953712108
20210508-07:00,2001,6.208521492842161
20210508-08:00,1001,16.6704427972391
20210508-08:00,1002,5.516778088077917
20210508-08:00,1003,-38.698100581027376
20210508-08:00,2000,-11.58246472222705
20210508-08:00,2001,6.208521492842161
20210508-09:00,1001,15.255130563493664
20210508-09:00,1002,5.998881842207786
20210508-09:00,1003,-35.70419141371956
20210508-09:00,2000,-10.045700476726756
20210508-09:00,2001,6.208521492842161
20210508-10:00,1001,12.162566393513885
20210508-10:00,1002,8.80266001916883
20210508-10:00,1003,-26.387837136815165
20210508-10:00,2000,-3.7352177408911706
20210508-10:00,2001,6.208521492842161
20210508-11:00,1001,10.390906550613192
20210508-11:00,1002,9.709680318623375
20210508-11:00,1003,-22.859551332015727
20210508-11:00,2000,-1.882683741851132
20210508-11:00,2001,6.208521492842161
20210508-12:00,1001,9.388054897378062
20210508-12:00,1002,10.508735824103896
20210508-12:00,1003,-20.653901019489457
20210508-12:00,2000,-0.5117247910346148
20210508-12:00,2001,6.208521492842161
20210508-13:00,1001,8.935048755889751
20210508-13:00,1002,11.02601828335065
20210508-13:00,1003,-19.441747926532745
20210508-13:00,2000,0.34759930794854144
20210508-13:00,2001,6.208521492842161
20210508-14:00,1001,8.379183559024815
20210508-14:00,1002,12.00764606831169
20210508-14:00,1003,-16.751020217472142
20210508-14:00,2000,2.4095349667057038
20210508-14:00,2001,6.208521492842161
20210508-15:00,1001,8.41847644066118
20210508-15:00,1002,12.38151638753247
20210508-15:00,1003,-16.523651210675602
20210508-15:00,2000,2.805506307391161
20210508-15:00,2001,6.208521492842161
20210508-16:00,1001,8.255467970307933
20210508-16:00,1002,12.585836152259745
20210508-16:00,1003,-16.059113283896387
20210508-16:00,2000,3.105207790199425
20210508-16:00,2001,6.208521492842161
20210508-17:00,1001,7.811852450567674
20210508-17:00,1002,13.1629412094026
20210508-17:00,1003,-14.39118265575786
20210508-17:00,2000,4.230288270102464
20210508-17:00,2001,6.208521492842161
20210508-18:00,1001,8.26093561090274
20210508-18:00,1002,13.02203053114286
20210508-18:00,1003,-15.318226018221065
20210508-18:00,2000,3.791887514839258
20210508-18:00,2001,6.208521492842161
20210508-19:00,1001,7.6853317980326095
20210508-19:00,1002,12.977707404779222
20210508-19:00,1003,-14.873172044389891
20210508-19:00,2000,3.6408741047030255
20210508-19:00,2001,6.208521492842161
20210508-20:00,1001,7.129695898928714
20210508-20:00,1002,13.524318834259743
20210508-20:00,1003,-13.297112212550063
20210508-20:00,2000,4.5752957236194405
20210508-20:00,2001,6.208521492842161
20210508-21:00,1001,7.178792545624816
20210508-21:00,1002,13.417115206571433
20210508-21:00,1003,-13.16465424275786
20210508-21:00,2000,4.569684771631293
20210508-21:00,2001,6.208521492842161
20210508-22:00,1001,8.489995256945024
20210508-22:00,1002,11.447527749532467
20210508-22:00,1003,-17.228319340985205
20210508-22:00,2000,1.646939442372291
20210508-22:00,2001,6.208521492842161
20210508-23:00,1001,10.043407369874076
20210508-23:00,1002,10.823203659896103
20210508-23:00,1003,-20.511487373615115
20210508-23:00,2000,0.21337233928021082
20210508-23:00,2001,6.208521492842161
20210509-00:00,1001,12.40191067706697
20210509-00:00,1002,9.94268366381818
20210509-00:00,1003,-25.574847280797773
20210509-00:00,2000,-1.917905573442781
20210509-00:00,2001,6.208521492842161
20210509-01:00,1001,14.636399691992878
20210509-01:00,1002,9.085862048831167
20210509-01:00,1003,-30.487862211979465
20210509-01:00,2000,-3.9686038638747294
20210509-01:00,2001,6.208521492842161
20210509-02:00,1001,18.391349413200004
20210509-02:00,1002,6.157472308129869
20210509-02:00,1003,-40.99559028538137
20210509-02:00,2000,-9.529280840717837
20210509-02:00,2001,6.208521492842161
20210509-03:00,1001,19.81058288746582
20210509-03:00,1002,5.557892179999999
20210509-03:00,1003,-43.94568372182764
20210509-03:00,2000,-10.62953979698727
20210509-03:00,2001,6.208521492842161
20210509-04:00,1001,20.427388711820893
20210509-04:00,1002,5.119793879974023
20210509-04:00,1003,-45.32575855446706
20210509-04:00,2000,-11.173485646803758
20210509-04:00,2001,6.208521492842161
20210509-05:00,1001,21.075523510164917
20210509-05:00,1002,4.130998851766232
20210509-05:00,1003,-48.16293681360997
20210509-05:00,2000,-12.801516818216154
20210509-05:00,2001,6.208521492842161
20210509-06:00,1001,20.5061965018869
20210509-06:00,1002,4.088815512883113
20210509-06:00,1003,-47.13463593474636
20210509-06:00,2000,-12.404255072205673
20210509-06:00,2001,6.208521492842161
20210509-07:00,1001,19.42086509641875
20210509-07:00,1002,4.280012713454541
20210509-07:00,1003,-44.95137382724552
20210509-07:00,2000,-11.538823478475663
20210509-07:00,2001,6.208521492842161
20210509-08:00,1001,17.810115658290385
20210509-08:00,1002,4.8643082558961
20210509-08:00,1003,-41.59224190500544
20210509-08:00,2000,-10.132872365584394
20210509-08:00,2001,6.208521492842161
20210509-09:00,1001,16.20256032229861
20210509-09:00,1002,5.494419995272724
20210509-09:00,1003,-38.068235003793234
20210509-09:00,2000,-8.647927584816498
20210509-09:00,2001,6.208521492842161
20210509-10:00,1001,12.954556382597463
20210509-10:00,1002,8.352803597246753
20210509-10:00,1003,-29.07003359005033
20210509-10:00,2000,-4.043042149225941
20210509-10:00,2001,6.208521492842161
20210509-11:00,1001,10.668824886824396
20210509-11:00,1002,9.450517081584414
20210509-11:00,1003,-24.295187241574013
20210509-11:00,2000,-2.1439040531790514
20210509-11:00,2001,6.208521492842161
20210509-12:00,1001,10.221700097354686
20210509-12:00,1002,9.71791850651948
20210509-12:00,1003,-23.25759540040288
20210509-12:00,2000,-1.6787818166462984
20210509-12:00,2001,6.208521492842161
20210509-13:00,1001,10.119005459071568
20210509-13:00,1002,9.662276976207792
20210509-13:00,1003,-23.222151955645295
20210509-13:00,2000,-1.715314881105762
20210509-13:00,2001,6.208521492842161
20210509-14:00,1001,9.39785624862222
20210509-14:00,1002,10.359138405584416
20210509-14:00,1003,-21.134522319182096
20210509-14:00,2000,-0.6764322405924392
20210509-14:00,2001,6.208521492842161
20210509-15:00,1001,8.91496952980923
20210509-15:00,1002,10.893126116519484
20210509-15:00,1003,-19.529711121160453
20210509-15:00,2000,0.13462005247133843
20210509-15:00,2001,6.208521492842161
20210509-16:00,1001,8.688883308658582
20210509-16:00,1002,11.103478887194806
20210509-16:00,1003,-18.831472181147465
20210509-16:00,2000,0.45747799602592343
20210509-16:00,2001,6.208521492842161
20210509-17:00,1001,8.253315639362478
20210509-17:00,1002,11.578704036883115
20210509-17:00,1003,-17.41981177993967
20210509-17:00,2000,1.1304024247027382
20210509-17:00,2001,6.208521492842161
20210509-18:00,1001,8.322477322123518
20210509-18:00,1002,11.502885659974028
20210509-18:00,1003,-17.520795536922357
20210509-18:00,2000,1.0627186737539414
20210509-18:00,2001,6.208521492842161
20210509-19:00,1001,8.141130882393647
20210509-19:00,1002,11.732604966779222
20210509-19:00,1003,-17.018551470705905
20210509-19:00,2000,1.295272329995765
20210509-19:00,2001,6.208521492842161
20210509-20:00,1001,7.743810442728712
20210509-20:00,1002,12.389565509298702
20210509-20:00,1003,-15.42777930935959
20210509-20:00,2000,2.099548561945152
20210509-20:00,2001,6.208521492842161
20210509-21:00,1001,8.024583287606635
20210509-21:00,1002,12.388489125766236
20210509-21:00,1003,-15.860019765108504
20210509-21:00,2000,1.9974835348102882
20210509-21:00,2001,6.208521492842161
20210509-22:00,1001,10.12730571546249
20210509-22:00,1002,10.343245851298702
20210509-22:00,1003,-22.28417225438696
20210509-22:00,2000,-0.7821320161314619
20210509-22:00,2001,6.208521492842161
20210509-23:00,1001,11.985233919598542
20210509-23:00,1002,9.571957561012988
20210509-23:00,1003,-26.04765309617035
20210509-23:00,2000,-1.903093626993422
20210509-23:00,2001,6.208521492842161
20210510-00:00,1001,14.426552782645508
20210510-00:00,1002,8.799248774467532
20210510-00:00,1003,-30.722686610728225
20210510-00:00,2000,-3.1215249513393717
20210510-00:00,2001,6.208521492842161
20210510-01:00,1001,16.648253556069584
20210510-01:00,1002,7.814670866389611
20210510-01:00,1003,-35.767821282263284
20210510-01:00,2000,-4.62327054047591
20210510-01:00,2001,6.208521492842161
20210510-02:00,1001,19.872340159257096
20210510-02:00,1002,5.317342252103893
20210510-02:00,1003,-44.33479140341069
20210510-02:00,2000,-7.6880457767487895
20210510-02:00,2001,6.208521492842161
20210510-03:00,1001,21.80640127954676
20210510-03:00,1002,4.441599096623373
20210510-03:00,1003,-48.49799736418304
20210510-03:00,2000,-8.77083349773036
20210510-03:00,2001,6.208521492842161
20210510-04:00,1001,22.61109217304376
20210510-04:00,1002,3.988228192207788
20210510-04:00,1003,-50.31973412952264
20210510-04:00,2000,-9.176182519990848
20210510-04:00,2001,6.208521492842161
20210510-05:00,1001,21.994291140864565
20210510-05:00,1002,3.810548912883114
20210510-05:00,1003,-49.44996429019013
20210510-05:00,2000,-8.973978629217097
20210510-05:00,2001,6.208521492842161
20210510-06:00,1001,20.956480956619693
20210510-06:00,1002,3.9689271369610335
20210510-06:00,1003,-47.596480887900256
20210510-06:00,2000,-8.439031567364376
20210510-06:00,2001,6.208521492842161
20210510-07:00,1001,19.63247172991432
20210510-07:00,1002,4.271715143324672
20210510-07:00,1003,-45.09963518944619
20210510-07:00,2000,-7.735927613107623
20210510-07:00,2001,6.208521492842161
20210510-08:00,1001,17.564068242015637
20210510-08:00,1002,5.263029619662335
20210510-08:00,1003,-40.60833061758356
20210510-08:00,2000,-6.36138558491323
20210510-08:00,2001,6.208521492842161
20210510-09:00,1001,15.766236097243397
20210510-09:00,1002,6.153585681974023
20210510-09:00,1003,-36.44320790173218
20210510-09:00,2000,-5.091517934502109
20210510-09:00,2001,6.208521492842161
20210510-10:00,1001,12.154402577294269
20210510-10:00,1002,9.294075550285712
20210510-10:00,1003,-26.53854792249041
20210510-10:00,2000,-1.748077996977953
20210510-10:00,2001,6.208521492842161
20210510-11:00,1001,9.772604290258002
20210510-11:00,1002,10.42294061535065
20210510-11:00,1003,-21.45899014094841
20210510-11:00,2000,-0.42493054424780585
20210510-11:00,2001,6.208521492842161
20210510-12:00,1001,8.257846709424815
20210510-12:00,1002,11.06346242966234
20210510-12:00,1003,-18.76307784909119
20210510-12:00,2000,0.18380849866852078
20210510-12:00,2001,6.208521492842161
20210510-13:00,1001,7.238569491466374
20210510-13:00,1002,11.140779807792208
20210510-13:00,1003,-17.199996771541407
20210510-13:00,2000,0.38005722973219364
20210510-13:00,2001,6.208521492842161
20210510-14:00,1001,6.068599138928713
20210510-14:00,1002,12.542486683610388
20210510-14:00,1003,-12.342903326835778
20210510-14:00,2000,1.9763489157326495
20210510-14:00,2001,6.208521492842161
20210510-15:00,1001,5.643974978346895
20210510-15:00,1002,13.318638042779222
20210510-15:00,1003,-10.249482106818462
20210510-15:00,2000,2.6870402038337122
20210510-15:00,2001,6.208521492842161
20210510-16:00,1001,5.617471631500141
20210510-16:00,1002,13.520663850363638
20210510-16:00,1003,-9.955309862073872
20210510-16:00,2000,2.768943652794633
20210510-16:00,2001,6.208521492842161
20210510-17:00,1001,5.456437800271569
20210510-17:00,1002,14.001929513506497
20210510-17:00,1003,-9.022634429073872
20210510-17:00,2000,3.0757930639454583
20210510-17:00,2001,6.208521492842161
20210510-18:00,1001,5.46879846831053
20210510-18:00,1002,14.049840684545456
20210510-18:00,1003,-8.964664113900714
20210510-18:00,2000,3.0395109963208435
20210510-18:00,2001,6.208521492842161
20210510-19:00,1001,5.385792824513129
20210510-19:00,1002,14.112821536857144
20210510-19:00,1003,-8.697749945666947
20210510-19:00,2000,3.038472961929035
20210510-19:00,2001,6.208521492842161
20210510-20:00,1001,5.347799875367675
20210510-20:00,1002,14.240532898857143
20210510-20:00,1003,-8.184428363757858
20210510-20:00,2000,3.132664787427091
20210510-20:00,2001,6.208521492842161
20210510-21:00,1001,5.341638781778063
20210510-21:00,1002,14.203407374285716
20210510-21:00,1003,-8.159874160156125
20210510-21:00,2000,3.052926244351607
20210510-21:00,2001,6.208521492842161
20210510-22:00,1001,5.736197369066995
20210510-22:00,1002,14.18470342651948
20210510-22:00,1003,-8.849436348492212
20210510-22:00,2000,2.8970072083760745
20210510-22:00,2001,6.208521492842161
20210510-23:00,1001,6.050418955134886
20210510-23:00,1002,14.052658801558444
20210510-23:00,1003,-9.668603461767889
20210510-23:00,2000,2.663378308800631
20210510-23:00,2001,6.208521492842161
20210511-00:00,1001,6.164972475291845
20210511-00:00,1002,14.090176712649352
20210511-00:00,1003,-10.0144706969436
20210511-00:00,2000,2.5489266368315233
20210511-00:00,2001,6.208521492842161
20210511-01:00,1001,6.882732889947745
20210511-01:00,1002,13.79348607477922
20210511-01:00,1003,-11.750547945157445
20210511-01:00,2000,2.1656231405238584
20210511-01:00,2001,6.208521492842161
20210511-02:00,1001,8.11993726856042
20210511-02:00,1002,12.663553283896103
20210511-02:00,1003,-14.927193766650928
20210511-02:00,2000,1.384599304891519
20210511-02:00,2001,6.208521492842161
20210511-03:00,1001,9.870680825758113
20210511-03:00,1002,11.929342025610389
20210511-03:00,1003,-18.475910593700576
20210511-03:00,2000,0.7655611490723696
20210511-03:00,2001,6.208521492842161
20210511-04:00,1001,10.680016864142065
20210511-04:00,1002,11.41196551890909
20210511-04:00,1003,-20.328052737029164
20210511-04:00,2000,0.39557724830888286
20210511-04:00,2001,6.208521492842161
20210511-05:00,1001,10.973102615828704
20210511-05:00,1002,10.956898971870128
20210511-05:00,1003,-21.34691568984487
20210511-05:00,2000,0.12728276714023876
20210511-05:00,2001,6.208521492842161
20210511-06:00,1001,11.382762134567706
20210511-06:00,1002,10.76541202825974
20210511-06:00,1003,-22.33593721313724
20210511-06:00,2000,-0.039881723234715616
20210511-06:00,2001,6.208521492842161
20210511-07:00,1001,12.77435109188341
20210511-07:00,1002,10.118439236727273
20210511-07:00,1003,-25.478006854670785
20210511-07:00,2000,-0.5341037239641646
20210511-07:00,2001,6.208521492842161
20210511-08:00,1001,10.28744823100178
20210511-08:00,1002,10.74753068716883
20210511-08:00,1003,-20.668068002470186
20210511-08:00,2000,0.07370397157209467
20210511-08:00,2001,6.208521492842161
20210511-09:00,1001,9.599346747263573
20210511-09:00,1002,10.98512625077922
20210511-09:00,1003,-19.213751012128128
20210511-09:00,2000,0.26761864784325906
20210511-09:00,2001,6.208521492842161
20210511-10:00,1001,9.5932148887078
20210511-10:00,1002,11.556618717038962
20210511-10:00,1003,-18.339497727241657
20210511-10:00,2000,0.5330839295588936
20210511-10:00,2001,6.208521492842161
20210511-11:00,1001,9.008846816292683
20210511-11:00,1002,11.534770479584417
20210511-11:00,1003,-17.107984397040312
20210511-11:00,2000,0.6329167451943323
20210511-11:00,2001,6.208521492842161
20210511-12:00,1001,8.261192749928714
20210511-12:00,1002,11.993389052571429
20210511-12:00,1003,-15.140083154692926
20210511-12:00,2000,0.9146942169149928
20210511-12:00,2001,6.208521492842161
20210511-13:00,1001,7.991753193759882
20210511-13:00,1002,12.33805983503896
20210511-13:00,1003,-14.198160084887729
20210511-13:00,2000,1.064173587823809
20210511-13:00,2001,6.208521492842161
20210511-14:00,1001,7.414273214123519
20210511-14:00,1002,13.033596861532466
20210511-14:00,1003,-12.442836309303315
20210511-14:00,2000,1.347682475461456
20210511-14:00,2001,6.208521492842161
20210511-15:00,1001,7.001049634118323
20210511-15:00,1002,13.589134900337664
20210511-15:00,1003,-11.239844628342272
20210511-15:00,2000,1.526395961634244
20210511-15:00,2001,6.208521492842161
20210511-16:00,1001,7.078839248055986
20210511-16:00,1002,13.651638637948054
20210511-16:00,1003,-11.25520827061933
20210511-16:00,2000,1.4992398104088025
20210511-16:00,2001,6.208521492842161
20210511-17:00,1001,6.742043111113129
20210511-17:00,1002,14.286079025766234
20210511-17:00,1003,-9.958167090000282
20210511-17:00,2000,1.6970234773473931
20210511-17:00,2001,6.208521492842161
20210511-18:00,1001,6.70498298476248
20210511-18:00,1002,14.29871826122078
20210511-18:00,1003,-9.81782878417777
20210511-18:00,2000,1.6607164147207862
20210511-18:00,2001,6.208521492842161
20210511-19:00,1001,6.639571954450791
20210511-19:00,1002,14.321215897324675
20210511-19:00,1003,-9.680238971753532
20210511-19:00,2000,1.6212837579497859
20210511-19:00,2001,6.208521492842161
20210511-20:00,1001,6.574931557466376
20210511-20:00,1002,14.434263164415588
20210511-20:00,1003,-9.35821926249379
20210511-20:00,2000,1.62036268965444
20210511-20:00,2001,6.208521492842161
20210511-21:00,1001,6.692179069552091
20210511-21:00,1002,14.382889459454546
20210511-21:00,1003,-9.532203211208074
20210511-21:00,2000,1.5527483422796575
20210511-21:00,2001,6.208521492842161
20210511-22:00,1001,7.504849289647399
20210511-22:00,1002,13.233127035922076
20210511-22:00,1003,-12.432313806600543
20210511-22:00,2000,1.080224342988236
20210511-22:00,2001,6.208521492842161
20210511-23:00,1001,8.915346548525164
20210511-23:00,1002,12.643637228415583
20210511-23:00,1003,-15.369908306292148
20210511-23:00,2000,0.7779125908595615
20210511-23:00,2001,6.208521492842161
20210512-00:00,1001,10.50615665382981
20210512-00:00,1002,12.202709248389612
20210512-00:00,1003,-18.778435272239403
20210512-00:00,2000,0.47722367111467173
20210512-00:00,2001,6.208521492842161
20210512-01:00,1001,11.994761985610369
20210512-01:00,1002,11.831428936753248
20210512-01:00,1003,-22.052207518823035
20210512-01:00,2000,0.20797831226326774
20210512-01:00,2001,6.208521492842161
20210512-02:00,1001,14.20166616285791
20210512-02:00,1002,9.84776354742857
20210512-02:00,1003,-28.188496395165057
20210512-02:00,2000,-0.4683448657023713
20210512-02:00,2001,6.208521492842161
20210512-03:00,1001,15.954197853975174
20210512-03:00,1002,9.147575983116882
20210512-03:00,1003,-31.90539125969298
20210512-03:00,2000,-0.7426849088825578
20210512-03:00,2001,6.208521492842161
20210512-04:00,1001,17.445798532129306
20210512-04:00,1002,8.49836405833766
20210512-04:00,1003,-35.19896907087603
20210512-04:00,2000,-0.9741779576870675
20210512-04:00,2001,6.208521492842161
20210512-05:00,1001,17.58424846168075
20210512-05:00,1002,7.810969806701298
20210512-05:00,1003,-36.39563463918738
20210512-05:00,2000,-1.1160650760647453
20210512-05:00,2001,6.208521492842161
20210512-06:00,1001,16.560064312475966
20210512-06:00,1002,8.117466420519479
20210512-06:00,1003,-34.385245507991854
20210512-06:00,2000,-0.9488735849098948
20210512-06:00,2001,6.208521492842161
20210512-07:00,1001,15.48421351566828
20210512-07:00,1002,8.333979190753247
20210512-07:00,1003,-32.496222994285446
20210512-07:00,2000,-0.8168142280594566
20210512-07:00,2001,6.208521492842161
20210512-08:00,1001,13.655616822775572
20210512-08:00,1002,9.038232715012985
20210512-08:00,1003,-28.86495801251429
20210512-08:00,2000,-0.559080352879298
20210512-08:00,2001,6.208521492842161
20210512-09:00,1001,11.481676537693922
20210512-09:00,1002,9.959362640545454
20210512-09:00,1003,-24.1822922231355
20210512-09:00,2000,-0.2389271628962244
20210512-09:00,2001,6.208521492842161
20210512-10:00,1001,9.326617063325894
20210512-10:00,1002,11.515314044883118
20210512-10:00,1003,-18.78389107064924
20210512-10:00,2000,0.17249252833601217
20210512-10:00,2001,6.208521492842161
20210512-11:00,1001,8.925729121928551
20210512-11:00,1002,11.591971177376625
20210512-11:00,1003,-18.00782496833753
20210512-11:00,2000,0.20219093951746558
20210512-11:00,2001,6.208521492842161
20210512-12:00,1001,8.455215538375466
20210512-12:00,1002,11.84224479948052
20210512-12:00,1003,-17.070597325913702
20210512-12:00,2000,0.24973212740615286
20210512-12:00,2001,6.208521492842161
20210512-13:00,1001,8.243609838632608
20210512-13:00,1002,11.913467305896106
20210512-13:00,1003,-16.875064016818463
20210512-13:00,2000,0.24389791691076446
20210512-13:00,2001,6.208521492842161
20210512-14:00,1001,8.076665690679361
20210512-14:00,1002,12.240624721844158
20210512-14:00,1003,-16.41110948451543
20210512-14:00,2000,0.27860045522192134
20210512-14:00,2001,6.208521492842161
20210512-15:00,1001,8.153653892954686
20210512-15:00,1002,12.367975797896106
20210512-15:00,1003,-16.596566012117165
20210512-15:00,2000,0.268549230790619
20210512-15:00,2001,6.208521492842161
20210512-16:00,1001,8.094165945183258
20210512-16:00,1002,12.609032751766238
20210512-16:00,1003,-16.297419432498117
20210512-16:00,2000,0.2890227122433781
20210512-16:00,2001,6.208521492842161
20210512-17:00,1001,8.088475753089751
20210512-17:00,1002,12.838486292857146
20210512-17:00,1003,-16.023650064723224
20210512-17:00,2000,0.30825726673695353
20210512-17:00,2001,6.208521492842161
20210512-18:00,1001,8.26739011274949
20210512-18:00,1002,12.789543334597408
20210512-18:00,1003,-16.33612637844184
20210512-18:00,2000,0.2842728352134405
20210512-18:00,2001,6.208521492842161
20210512-19:00,1001,8.479832869489751
20210512-19:00,1002,12.447598854987016
20210512-19:00,1003,-17.18305478253275
20210512-19:00,2000,0.21586038950998268
20210512-19:00,2001,6.208521492842161
20210512-20:00,1001,8.40266115460923
20210512-20:00,1002,12.41720224753247
20210512-20:00,1003,-17.26157811487474
20210512-20:00,2000,0.19628432908472782
20210512-20:00,2001,6.208521492842161
20210512-21:00,1001,8.552497676087153
20210512-21:00,1002,12.365240767194807
20210512-21:00,1003,-17.46130565067127
20210512-21:00,2000,0.1823475090921096
20210512-21:00,2001,6.208521492842161
20210512-22:00,1001,8.505540434623393
20210512-22:00,1002,12.16576456797403
20210512-22:00,1003,-17.62260643235793
20210512-22:00,2000,0.1537399171424775
20210512-22:00,2001,6.208521492842161
20210512-23:00,1001,8.12014394637353
20210512-23:00,1002,12.634161483948056
20210512-23:00,1003,-16.46323425669929
20210512-23:00,2000,0.20673313002433416
20210512-23:00,2001,6.208521492842161
20210513-00:00,1001,7.848010565130366
20210513-00:00,1002,13.095594867688314
20210513-00:00,1003,-15.464203492717049
20210513-00:00,2000,0.252069138127036
20210513-00:00,2001,6.208521492842161
20210513-01:00,1001,7.529545716671822
20210513-01:00,1002,13.702160711714289
20210513-01:00,1003,-14.18389958337611
20210513-01:00,2000,0.3094217128391176
20210513-01:00,2001,6.208521492842161
20210513-02:00,1001,7.919237902774356
20210513-02:00,1002,13.006501070727277
20210513-02:00,1003,-15.744504982431812
20210513-02:00,2000,0.21697343182852216
20210513-02:00,2001,6.208521492842161
20210513-03:00,1001,8.318066633108554
20210513-03:00,1002,12.910343261480524
20210513-03:00,1003,-16.453207804402542
20210513-03:00,2000,0.19063652252883717
20210513-03:00,2001,6.208521492842161
20210513-04:00,1001,9.231381008550231
20210513-04:00,1002,12.35112578836364
20210513-04:00,1003,-18.465678512667097
20210513-04:00,2000,0.11855798631803505
20210513-04:00,2001,6.208521492842161
20210513-05:00,1001,10.20188807151063
20210513-05:00,1002,11.453335060597404
20210513-05:00,1003,-21.20566644140293
20210513-05:00,2000,0.01628421087868436
20210513-05:00,2001,6.208521492842161
20210513-06:00,1001,9.809263662814512
20210513-06:00,1002,11.572034413584417
20210513-06:00,1003,-20.456022350725743
20210513-06:00,2000,0.03189896519006004
20210513-06:00,2001,6.208521492842161
20210513-07:00,1001,9.207510181418549
20210513-07:00,1002,11.749450271038963
20210513-07:00,1003,-19.24199655317322
20210513-07:00,2000,0.05623938536800817
20210513-07:00,2001,6.208521492842161
20210513-08:00,1001,8.678300177839295
20210513-08:00,1002,12.128691984571432
20210513-08:00,1003,-17.9537673837271
20210513-08:00,2000,0.08895222739443502
20210513-08:00,2001,6.208521492842161
20210513-09:00,1001,8.696176009376835
20210513-09:00,1002,11.90598227797403
20210513-09:00,1003,-18.207544237882512
20210513-09:00,2000,0.07093242897671051
20210513-09:00,2001,6.208521492842161
20210513-10:00,1001,8.30838077304184
20210513-10:00,1002,12.297098786675326
20210513-10:00,1003,-16.987180602730234
20210513-10:00,2000,0.10177790946044861
20210513-10:00,2001,6.208521492842161
20210513-11:00,1001,8.162032897841236
20210513-11:00,1002,12.135269319870131
20210513-11:00,1003,-17.009651067878135
20210513-11:00,2000,0.08776553042861511
20210513-11:00,2001,6.208521492842161
20210513-12:00,1001,8.01630251434949
20210513-12:00,1002,12.066496286493509
20210513-12:00,1003,-16.93193276206089
20210513-12:00,2000,0.07978198760267634
20210513-12:00,2001,6.208521492842161
20210513-13:00,1001,7.708484115897543
20210513-13:00,1002,12.162356249818185
20210513-13:00,1003,-16.47604495511716
20210513-13:00,2000,0.08148369966860423
20210513-13:00,2001,6.208521492842161
20210513-14:00,1001,7.354904379339102
20210513-14:00,1002,12.615696036181822
20210513-14:00,1003,-15.515316822757857
20210513-14:00,2000,0.1013114046972226
20210513-14:00,2001,6.208521492842161
20210513-15:00,1001,7.111312905263777
20210513-15:00,1002,13.015800497038963
20210513-15:00,1003,-14.802188175489457
20210513-15:00,2000,0.11464735458491007
20210513-15:00,2001,6.208521492842161
20210513-16:00,1001,7.243582390492349
20210513-16:00,1002,13.07762359675325
20210513-16:00,1003,-14.94406588896565
20210513-16:00,2000,0.10954918729880089
20210513-16:00,2001,6.208521492842161
20210513-17:00,1001,7.176631078417024
20210513-17:00,1002,13.356148787740263
20210513-17:00,1003,-14.48248036884011
20210513-17:00,2000,0.11656810936043954
20210513-17:00,2001,6.208521492842161
20210513-18:00,1001,7.190994229998842
20210513-18:00,1002,13.416699898831173
20210513-18:00,1003,-14.4064189548098
20210513-18:00,2000,0.11291841606039746
20210513-18:00,2001,6.208521492842161
20210513-19:00,1001,7.310691059739103
20210513-19:00,1002,13.372470635194809
20210513-19:00,1003,-14.627342242472146
20210513-19:00,2000,0.10415291774986601
20210513-19:00,2001,6.208521492842161
20210513-20:00,1001,7.013852908268973
20210513-20:00,1002,13.57761245992208
20210513-20:00,1003,-13.99689770430764
20210513-20:00,2000,0.1070610433888996
20210513-20:00,2001,6.208521492842161
20210513-21:00,1001,6.926370796162479
20210513-21:00,1002,13.598817192831174
20210513-21:00,1003,-13.865379898415869
20210513-21:00,2000,0.1019960525216622
20210513-21:00,2001,6.208521492842161
20210513-22:00,1001,7.231586474467861
20210513-22:00,1002,13.30118303436364
20210513-22:00,1003,-14.746049995590036
20210513-22:00,2000,0.08355231317406245
20210513-22:00,2001,6.208521492842161
20210513-23:00,1001,7.186976056152488
20210513-23:00,1002,13.37549137706494
20210513-23:00,1003,-14.620291363473395
20210513-23:00,2000,0.08083544712910605
20210513-23:00,2001,6.208521492842161
20210514-00:00,1001,8.124423750804041
20210514-00:00,1002,13.111110600597408
20210514-00:00,1003,-16.448858814867133
20210514-00:00,2000,0.06131185799088101
20210514-00:00,2001,6.208521492842161
20210514-01:00,1001,9.528659838139946
20210514-01:00,1002,12.51029171428572
20210514-01:00,1003,-19.671979442939232
20210514-01:00,2000,0.028528546265825298
20210514-01:00,2001,6.208521492842161
20210514-02:00,1001,10.486054955539794
20210514-02:00,1002,11.180707414259745
20210514-02:00,1003,-22.926319098920622
20210514-02:00,2000,-0.014275787535568954
20210514-02:00,2001,6.208521492842161
20210514-03:00,1001,12.028945007795922
20210514-03:00,1002,10.376755799688317
20210514-03:00,1003,-26.46595349869185
20210514-03:00,2000,-0.04324630838360782
20210514-03:00,2001,6.208521492842161
20210514-04:00,1001,12.768735500677415
20210514-04:00,1002,9.790752619896107
20210514-04:00,1003,-28.217967942371956
20210514-04:00,2000,-0.056601134098857704
20210514-04:00,2001,6.208521492842161
20210514-05:00,1001,13.672012665331147
20210514-05:00,1002,8.746262706935067
20210514-05:00,1003,-30.75392979457725
20210514-05:00,2000,-0.0782542879040333
20210514-05:00,2001,6.208521492842161
20210514-06:00,1001,12.169253479295554
20210514-06:00,1002,9.889546471454548
20210514-06:00,1003,-27.03761999883205
20210514-06:00,2000,-0.043837884727217724
20210514-06:00,2001,6.208521492842161
20210514-07:00,1001,13.980412757894983
20210514-07:00,1002,9.573341267168834
20210514-07:00,1003,-30.322462105990013
20210514-07:00,2000,-0.05585900984131687
20210514-07:00,2001,6.208521492842161
20210514-08:00,1001,13.258910313147714
20210514-08:00,1002,9.824537534857145
20210514-08:00,1003,-28.854929188572235
20210514-08:00,2000,-0.04461146924332084
20210514-08:00,2001,6.208521492842161
20210514-09:00,1001,11.9258625246231
20210514-09:00,1002,10.495714457480524
20210514-09:00,1003,-26.06667911724231
20210514-09:00,2000,-0.026372185650584447
20210514-09:00,2001,6.208521492842161
20210514-10:00,1001,10.422025287260425
20210514-10:00,1002,11.21619294506494
20210514-10:00,1003,-22.84734710578094
20210514-10:00,2000,-0.008182566145510037
20210514-10:00,2001,6.208521492842161
20210514-11:00,1001,9.12894036450271
20210514-11:00,1002,11.983829068597409
20210514-11:00,1003,-20.06960813770848
20210514-11:00,2000,0.006598574518174295
20210514-11:00,2001,6.208521492842161
20210514-12:00,1001,9.020374069837803
20210514-12:00,1002,12.111488377116888
20210514-12:00,1003,-19.655385354541405
20210514-12:00,2000,0.008723810267833736
20210514-12:00,2001,6.208521492842161
20210514-13:00,1001,8.426509852455984
20210514-13:00,1002,12.32195490501299
20210514-13:00,1003,-18.57989737319076
20210514-13:00,2000,0.011959974435847053
20210514-13:00,2001,6.208521492842161
20210514-14:00,1001,8.380997947520921
20210514-14:00,1002,12.56031152319481
20210514-14:00,1003,-18.11118705544184
20210514-14:00,2000,0.014559124220277664
20210514-14:00,2001,6.208521492842161
20210514-15:00,1001,8.624830500349491
20210514-15:00,1002,12.638197762597407
20210514-15:00,1003,-18.181860357775168
20210514-15:00,2000,0.014774433356023338
20210514-15:00,2001,6.208521492842161
20210514-16:00,1001,8.774219934983257
20210514-16:00,1002,12.537328079532472
20210514-16:00,1003,-18.48798560597431
20210514-16:00,2000,0.012610981632487478
20210514-16:00,2001,6.208521492842161
20210514-17:00,1001,8.48205184257027
20210514-17:00,1002,12.822699756493511
20210514-17:00,1003,-17.57246735671457
20210514-17:00,2000,0.015515675738422165
20210514-17:00,2001,6.208521492842161
20210514-18:00,1001,8.623972882993646
20210514-18:00,1002,12.653735096467535
20210514-18:00,1003,-18.116145281229716
20210514-18:00,2000,0.01222442822704553
20210514-18:00,2001,6.208521492842161
20210514-19:00,1001,8.622028191263777
20210514-19:00,1002,12.688137856259743
20210514-19:00,1003,-18.02718984263232
20210514-19:00,2000,0.011798027111768888
20210514-19:00,2001,6.208521492842161
20210514-20:00,1001,8.419804270258583
20210514-20:00,1002,12.777225781948058
20210514-20:00,1003,-17.654435688576037
20210514-20:00,2000,0.011823877840332545
20210514-20:00,2001,6.208521492842161
20210514-21:00,1001,8.014200702346894
20210514-21:00,1002,12.888872671870136
20210514-21:00,1003,-16.99985831348513
20210514-21:00,2000,0.012090314875615099
20210514-21:00,2001,6.208521492842161
20210514-22:00,1001,8.708521357070943
20210514-22:00,1002,12.35729261818182
20210514-22:00,1003,-18.900868396753403
20210514-22:00,2000,0.0062189393478452515
20210514-22:00,2001,6.208521492842161
20210514-23:00,1001,9.098016024881815
20210514-23:00,1002,12.091183048649356
20210514-23:00,1003,-19.953120463732425
20210514-23:00,2000,0.003290372151430288
20210514-23:00,2001,6.208521492842161
