dTime,temperature,light_intensity,wind_speed,humidity,solar_power,wind_power,consumption
20210501-00:00,14.97,1067663.33,1.645752108,70.18,11.153244683684848,11.999158412934808,-18.32503372836364
20210501-01:00,15.53,1704742.18,1.892643654,69.9,13.299615013660604,11.60246488089748,-23.010183000545453
20210501-02:00,20.68,2245441.85,1.893805692,46.24,17.494496777440695,7.748972144491777,-34.28100144652814
20210501-03:00,20.97,2643048.53,1.99271172,40.41,19.070508760640692,7.017990762702357,-37.55661614233766
20210501-04:00,21.11,2861803.15,2.090095692,39.43,19.819442262289183,6.904276882172319,-39.147899333974024
20210501-05:00,23.66,2878320.43,2.064000969,33.02,20.868468384400863,5.598301743941148,-42.73605730892207
20210501-06:00,23.74,2692543.61,1.988416455,33.39,20.303004584575756,5.620770853318966,-41.64434181080087
20210501-07:00,23.7,2317868.13,1.659789143,34.33,19.203210757057143,5.482076591072734,-39.36647458080952
20210501-08:00,24.32,1796807.56,1.230365799,35.4,17.85945074224502,5.4166390431188525,-36.99077551009091
20210501-09:00,24.43,1182546.4,0.519711458,35.54,16.264280172819046,5.697261871483113,-33.728216922952384
20210501-10:00,19.43,557330.47,1.185116028,67.48,11.107997317832034,10.516993380072975,-20.868299226545457
20210501-11:00,18.46,92803.27,2.546566316,61.52,8.69776808009697,13.494245507835164,-15.64225202079654
20210501-12:00,18.93,0.0,2.522399651,57.65,8.687988780828572,13.066529206368806,-15.858552729952379
20210501-13:00,18.81,0.0,3.149682524,58.72,8.235645031054547,15.947402036345233,-15.018932194614719
20210501-14:00,17.18,0.0,3.655571091,64.83,7.228345657088312,20.08989333136181,-12.175814190385282
20210501-15:00,17.07,0.0,4.158088503,67.22,6.802289755342857,24.497005701214196,-11.387149592238094
20210501-16:00,17.03,0.0,3.936051321,68.48,6.874992584023377,22.62246560199322,-11.479749544800868
20210501-17:00,16.14,0.0,5.197172308,68.38,5.867930381433767,37.30522587954294,-9.165598254770565
20210501-18:00,16.08,0.0,6.303499028,50.79,5.872316167615583,55.96719545253378,-9.130050755549782
20210501-19:00,15.15,0.0,6.031227072,41.64,6.126458561994805,49.87014924593314,-8.889335698562771
20210501-20:00,12.85,0.0,5.786129967,44.75,5.495205136683117,46.10153420330887,-6.19438951351948
20210501-21:00,12.83,0.0,5.281912532,46.08,5.7402031301506495,37.78222739214937,-6.588433788346322
20210501-22:00,15.68,48189.59,4.980542139,35.03,7.326462527422511,31.72932535243849,-11.321457725069266
20210501-23:00,15.67,451131.74,4.634058696,42.1,8.599181404910823,27.51065148610438,-13.883226497073593
20210502-00:00,15.77,1064969.99,5.263962386,44.53,10.201262794806926,35.48425054615031,-17.306833218329
20210502-01:00,15.83,1694951.44,5.297593793,45.46,12.261931208182684,35.42115886814454,-21.484117105701298
20210502-02:00,18.82,2235838.84,5.199942307,36.47,15.328025554328137,31.858011548840228,-29.330974634991342
20210502-03:00,18.71,2594550.59,5.264465785,35.4,16.495277041121213,32.41085055721124,-31.596390962186145
20210502-04:00,18.75,2743800.19,5.103175482,34.79,17.12474469478268,29.838344231042267,-32.83990803574892
20210502-05:00,20.18,2743173.57,4.859711926,33.54,17.726006822322077,26.03697999944908,-34.862743908632034
20210502-06:00,20.19,2617393.75,4.698638101,32.74,17.437411024681385,24.09064291807525,-34.24913841415152
20210502-07:00,20.22,1997609.13,4.736464927,32.28,15.375259702241557,25.125203724221862,-30.144998537069263
20210502-08:00,19.2,1501382.67,4.616503006,37.34,13.304577226270128,24.876061905107118,-25.413926915212116
20210502-09:00,19.23,940728.24,4.058990022,39.0,11.714133020566234,19.82769745927659,-22.161665777134203
20210502-10:00,17.01,418867.31,3.375351834,48.78,9.369454824708226,16.578994617038994,-16.088309020545456
20210502-11:00,17.16,70124.53,3.17,48.67,8.377332848917748,15.67624147,-14.154423273593073
20210502-12:00,17.49,0.0,3.890462697,48.7,7.8044236805013,20.56893853538524,-13.357372800835495
20210502-13:00,17.49,0.0,4.743374326,49.7,7.253715664140261,29.34488765668915,-12.43952610690043
20210502-14:00,16.46,0.0,5.411922025,53.76,6.4001195122727275,39.371031199050805,-10.281151568073593
20210502-15:00,15.46,0.0,5.384876972,56.38,6.02855433628052,39.43099152261033,-8.947590560467535
20210502-16:00,15.22,0.0,5.004328127,55.67,6.215974552371428,33.8406294590725,-9.088529015857144
20210502-17:00,14.29,0.0,4.704763543,58.6,6.015843172901299,30.482675333879357,-8.090691002454545
20210502-18:00,14.25,0.0,4.56303627,58.84,6.080100315922079,28.85268648474064,-8.169214812251083
20210502-19:00,14.29,0.0,4.66472936,59.26,6.014149396987014,30.05485143507409,-8.0878680425974
20210502-20:00,13.46,0.0,4.464302857,66.48,5.615963740345455,28.57649068959464,-6.831368138670997
20210502-21:00,13.38,0.0,4.410725564,68.35,5.55239583043117,28.16959021876278,-6.668278765004331
20210502-22:00,16.07,48192.81,4.809261898,65.53,6.352358288472727,31.755805350819678,-9.976525666502164
20210502-23:00,16.32,430032.55,4.876474136,65.6,7.653531377707361,32.16783458368964,-12.747985288242427
20210503-00:00,16.46,958489.37,5.456308276,64.78,9.139101678988746,39.98617904937236,-15.911110034822514
20210503-01:00,16.92,1630289.49,5.12039061,63.75,11.75154445348052,33.97670126708757,-21.340197331991344
20210503-02:00,21.59,2133245.1,4.687771325,57.98,15.246725633571431,26.010988323378207,-31.060053151190473
20210503-03:00,22.17,2532043.01,4.898132297,56.22,16.68412113132381,27.94566203863184,-34.313106817285714
20210503-04:00,23.1,2742630.11,5.17880295,53.41,17.592870544718615,31.137849517250835,-36.72596055389611
20210503-05:00,24.77,2690835.23,4.911537438,56.05,17.95486596620433,27.206671254108002,-38.46459353256277
20210503-06:00,25.39,2146875.33,4.136786192,55.08,16.82145211207273,18.8271442720072,-36.41402769631169
20210503-07:00,25.72,1487285.63,3.172774811,53.52,15.356291542404326,12.206510823863638,-33.47493025480087
20210503-08:00,24.02,833148.01,1.611862277,63.11,13.253029680120346,9.048006682812783,-28.028388525597403
20210503-09:00,23.89,479443.46,0.976217189,66.21,12.297479488331602,9.088149913207687,-25.949942674203466
20210503-10:00,21.76,196559.32,2.438216561,80.16,9.325254809720347,13.532912768467511,-19.16049059397836
20210503-11:00,20.75,38221.45,2.652772135,82.28,8.297559734151514,14.90376858852651,-16.550305929935064
20210503-12:00,20.14,0.0,2.456603346,83.57,8.063310719672726,14.518116590186438,-15.681708342311685
20210503-13:00,19.83,0.0,2.277586442,85.4,8.010850732202597,14.201902944859393,-15.372846458432896
20210503-14:00,19.5,0.0,1.810994202,90.68,7.990806076202597,13.639392825610624,-15.103724412718616
20210503-15:00,18.53,0.0,1.659397481,97.57,7.536179693218184,14.20429138506962,-13.653156631554115
20210503-16:00,20.13,0.0,1.94833262,88.08,8.1897017267013,13.521586866324462,-15.885217163549783
20210503-17:00,18.59,0.0,2.39827021,96.98,7.132985925948051,15.818413386257424,-13.02402416229437
20210503-18:00,18.48,0.0,2.089712899,98.03,7.245782650210391,15.08283041075622,-13.133447274160174
20210503-19:00,18.72,0.0,0.902718118,97.71,8.039018479849352,13.463879869196898,-14.62693556165368
20210503-20:00,18.45,0.0,2.770072201,98.42,6.813800835244155,17.327251041957215,-12.392049011121212
20210503-21:00,18.41,0.0,3.63209306,99.97,6.224770138025976,22.306611530098696,-11.381759753852815
20210503-22:00,18.38,8746.07,4.088924064,95.23,6.1559289983965355,25.655088650929855,-11.255313805264066
20210503-23:00,17.92,141356.88,3.698175226,95.8,6.678777970893506,22.464530247420228,-11.945502675298705
20210504-00:00,17.27,306008.46,4.240106131,96.68,6.682458027893507,27.2182833996601,-11.670296589346316
20210504-01:00,16.1,395377.74,5.533552205,98.48,5.799872399077922,44.550319060111526,-9.46290545560606
20210504-02:00,16.8,365887.0,5.596972396,88.22,6.263258077551516,44.651755048895744,-10.702447430839825
20210504-03:00,16.18,421616.64,6.077014069,90.76,5.884894644314286,53.897166753944234,-9.690906388142858
20210504-04:00,17.55,1316991.35,6.920325137,82.55,9.074789071479655,71.42441628147485,-16.980829317545457
20210504-05:00,20.91,1730254.15,7.030348498,64.99,12.030473565702163,71.60284173859893,-24.766151030138527
20210504-06:00,21.88,2066706.48,6.197757659,61.33,14.071276095509091,50.811125915583546,-29.234181644896097
20210504-07:00,22.46,1966460.39,5.509237697,58.9,14.410624049765365,37.67362035636733,-30.102662738497834
20210504-08:00,22.87,1545348.34,4.746630384,52.51,13.830585500335932,26.52134493646242,-28.960886687861475
20210504-09:00,22.49,1083588.41,3.974644638,53.35,12.613278479970562,19.129255418321097,-26.14754649360173
20210504-10:00,19.04,511882.97,3.59923603,58.84,9.733228455160173,18.17549682339301,-18.247949137965364
20210504-11:00,19.55,89537.47,4.143669871,50.13,8.483814752291776,22.23170101806885,-16.060605903025973
20210504-12:00,19.77,0.0,3.347013594,45.05,8.924129505937662,15.744011388844044,-16.852120605134196
20210504-13:00,18.52,0.0,2.163330765,50.83,9.052001541,11.575083528393758,-16.172383520714284
20210504-14:00,15.59,0.0,2.388053601,68.55,7.389635371867531,14.428315442892455,-11.308916095969698
20210504-15:00,15.9,0.0,2.422003303,70.22,7.392772044174025,14.576986883785437,-11.535572454575757
20210504-16:00,15.74,0.0,2.265502152,73.85,7.299529877631168,14.436463079931029,-11.26588312938528
20210504-17:00,13.44,0.0,2.23725278,85.22,6.216349630701298,15.901476607882412,-7.817725574978354
20210504-18:00,12.97,0.0,2.464568928,85.93,5.918011889953246,16.776890049190733,-6.984781721350649
20210504-19:00,12.67,0.0,2.910841803,87.69,5.495962450667532,18.762206187541956,-6.067080274922079
20210504-20:00,10.78,0.0,2.900792995,94.82,4.684199527675324,19.811508809009396,-3.364142069935064
20210504-21:00,11.4,0.0,2.878628145,91.34,5.010225710402597,19.26224064436616,-4.350376184004329
20210504-22:00,17.25,58308.68,1.978004044,70.68,8.2213260740329,12.992667572687548,-13.94556897418182
20210504-23:00,18.73,482616.5,2.401686907,63.3,10.09186536662251,12.682115752606387,-18.59173045230736
20210505-00:00,19.12,1094138.52,2.301695028,59.54,12.448189305277921,11.364496271332527,-23.476977356415585
20210505-01:00,19.53,1738980.54,2.561288738,59.12,14.575412972784417,11.40771984032563,-28.03169841178355
20210505-02:00,24.9,2281043.79,2.731483114,43.94,18.4058881328987,8.798882668036429,-38.85383046435498
20210505-03:00,25.01,2659351.11,2.47018218,44.25,19.843043742649353,7.448386641241205,-41.74800270917749
20210505-04:00,24.9,2611893.0,2.095542889,42.31,19.95378946140519,6.308759010752121,-41.80127624519913
20210505-05:00,26.6,2667779.31,2.367994932,30.22,20.93335918235844,5.566196363723526,-44.7102740610736
20210505-06:00,26.36,2346885.56,2.558007037,30.26,19.67957621589524,6.587827238580829,-42.09265860109524
20210505-07:00,25.61,1920045.39,2.526044338,36.38,17.823225995901296,7.59317679625828,-37.98876042650216
20210505-08:00,25.33,1578109.43,2.590945773,41.14,16.37904405611342,8.617764149068407,-35.00186168241125
20210505-09:00,25.38,1012684.79,1.950589654,40.61,14.913443992448485,7.314619744687039,-31.96665959535065
20210505-10:00,20.8,504617.16,1.855855598,57.57,11.30737501003117,10.265605306560486,-22.120596464337662
20210505-11:00,20.13,98479.82,2.410186715,61.4,9.280335855848485,12.545037645237866,-17.81236273435065
20210505-12:00,20.38,0.0,2.592624153,60.31,8.956503430277921,13.110075126267326,-17.341791431415583
20210505-13:00,20.83,0.0,3.029884486,56.83,8.958303074633765,14.599081009789622,-17.666219410103896
20210505-14:00,19.06,0.0,3.353595086,58.31,8.200700091257142,17.02041032413639,-15.139262056857143
20210505-15:00,17.96,0.0,3.411421991,60.99,7.747302649555843,17.904418907642047,-13.59788536830736
20210505-16:00,17.86,0.0,3.28975683,59.39,7.854067979922077,17.06321436521995,-13.704399014155847
20210505-17:00,16.96,0.0,3.396483476,62.96,7.393798226088311,18.249226266429986,-12.294425614909093
20210505-18:00,16.68,0.0,3.502741783,63.91,7.213030254875324,19.09300977527318,-11.793145662887447
20210505-19:00,16.24,0.0,3.445025399,67.12,6.996880864496104,19.088928651350052,-11.11861096463636
20210505-20:00,16.39,0.0,3.374285109,68.75,7.018675687846754,18.724481758006064,-11.262078527363636
20210505-21:00,15.96,0.0,3.360372003,72.33,6.76468588910909,19.040249268346432,-10.53161933899134
20210505-22:00,19.51,47740.94,3.643967618,63.57,8.109249402360176,19.19394654404234,-15.361318302346323
20210505-23:00,19.59,332998.68,4.188758766,63.1,8.774402678062337,23.414350222770757,-16.844002996770563
20210506-00:00,19.52,636028.36,3.889588667,63.89,9.913224450016449,20.529332311354903,-19.02873892780519
20210506-01:00,20.09,1147863.85,3.819973822,61.45,11.919033734938527,19.100259632030713,-23.34760335981818
20210506-02:00,23.66,1213159.96,3.917167344,54.17,13.382007685374893,18.241141186579537,-28.40844451054545
20210506-03:00,24.21,1860911.05,4.247034259,51.05,15.62195913507619,20.192990695282997,-33.25427750290477
20210506-04:00,24.82,2137725.81,5.125699952,47.07,16.346826235293506,29.988389198264112,-35.205675577870124
20210506-05:00,25.97,2330669.33,6.096498995,43.11,16.890349019017314,45.87174234555531,-37.14735714439394
20210506-06:00,25.67,1996826.64,6.37937301,43.3,15.514698760233768,52.31103336989978,-34.26938467658009
20210506-07:00,25.93,1741078.79,6.09075529,43.03,14.920181753705629,46.35019481133912,-33.18007300696969
20210506-08:00,24.62,1093554.24,5.55511476,50.83,12.404969086857143,38.06641122148752,-27.33286588761905
20210506-09:00,24.58,721541.92,5.723154724,51.0,11.046052093738528,41.37802949933055,-24.6260857816277
20210506-10:00,21.76,267980.25,5.529059595,64.05,8.33648109364935,40.3027422081437,-17.591890989415585
20210506-11:00,22.14,60425.81,5.634687214,62.03,7.768529116188744,42.03950666930308,-16.686116887298702
20210506-12:00,22.21,0.0,5.805273465,61.26,7.514757998922079,45.06448765792511,-16.246025236298703
20210506-13:00,21.99,0.0,5.876061606,61.25,7.409817581854544,46.443758417256355,-15.913981684043288
20210506-14:00,20.55,0.0,5.502762942,67.46,6.980420156877923,40.74574131851025,-14.169747880510823
20210506-15:00,19.86,0.0,5.305186142,71.32,6.751433769345454,38.096136306837664,-13.2952467584329
20210506-16:00,19.72,0.0,5.323795638,73.08,6.631696643174026,38.55997207484706,-12.995684881480518
20210506-17:00,18.93,0.0,5.372494765,77.52,6.203775868272729,39.89144259838763,-11.71819787569264
20210506-18:00,18.99,0.0,5.258184097,77.44,6.292622009332467,38.10639794715961,-11.909131920316014
20210506-19:00,18.88,0.0,4.93,78.99,6.397714285714286,33.611742831168826,-12.005714285714287
20210506-20:00,17.83,0.0,4.465870576,86.92,6.067230901153246,28.937695049965747,-10.704908644779218
20210506-21:00,18.0,0.0,4.102742985,88.54,6.270562001207792,25.37755711929482,-11.165222382965368
20210506-22:00,20.04,56121.82,3.504625515,77.37,7.834557164593074,19.13833238747001,-15.291381423528136
20210506-23:00,20.37,406953.95,3.524769496,76.48,9.120872248287444,18.75959549224552,-18.060767659844156
20210507-00:00,20.78,1065625.43,3.726459446,67.64,11.656988319845887,18.74144869332805,-23.312342121965372
20210507-01:00,21.03,1713051.05,4.478448392,48.42,14.184140092505627,23.447572358129808,-28.422194971636365
20210507-02:00,23.8,2243684.16,3.915635325,29.94,17.802033537467533,15.269747722222522,-37.020181152922085
20210507-03:00,23.45,2373441.03,2.772219328,30.13,18.81320343826494,8.212933513014198,-38.599638620917744
20210507-04:00,23.42,2551658.57,2.210701246,30.63,19.716120806079655,6.172990102511796,-40.281091818069264
20210507-05:00,24.89,2774996.63,2.559726548,28.61,20.74986712358095,6.4572860199803435,-43.30215574723809
20210507-06:00,24.56,2213226.4,1.648423489,28.64,19.32862698019307,4.880665236781353,-40.073518744766226
20210507-07:00,23.19,2117380.68,2.772002886,40.58,17.47837023203636,9.3566580532992,-35.90469082482251
20210507-08:00,23.37,1500469.44,2.628402557,35.19,15.769588200864936,8.930913247934848,-32.49983526810822
20210507-09:00,23.37,946341.96,1.965146305,38.24,14.201619183233767,7.801009053124719,-29.270856372056276
20210507-10:00,19.76,530406.66,1.507348666,58.34,11.275301312088311,10.057487582533556,-21.352938158242427
20210507-11:00,17.57,115150.73,2.876125867,66.76,8.116082324388746,15.457607855656637,-14.061891986679655
20210507-12:00,17.61,0.0,2.596497641,69.33,7.811322194620779,14.618583755001076,-13.454584610082248
20210507-13:00,17.91,0.0,2.596247292,69.52,7.889784092332467,14.546754133096247,-13.799640153887445
20210507-14:00,15.5,0.0,2.947303853,80.14,6.5768124933948044,17.535957080147174,-9.889925584229436
20210507-15:00,14.32,0.0,3.020264889,84.59,6.022516391275326,18.574181667958882,-8.123241604506493
20210507-16:00,13.97,0.0,3.013901126,85.85,5.877243739984417,18.740766384936578,-7.631120519021646
20210507-17:00,12.96,0.0,2.857271426,89.07,5.557195585958442,18.54382720752652,-6.3762783575497854
20210507-18:00,13.21,0.0,2.755449147,86.82,5.777379862449351,17.85961645644236,-6.921823580272729
20210507-19:00,14.07,0.0,2.294907406,81.32,6.513704907049351,15.579078323247574,-8.763317702225109
20210507-20:00,13.66,0.0,2.450816191,81.42,6.299120675010391,16.18300758945881,-8.112820172636365
20210507-21:00,13.63,0.0,2.491284809,79.21,6.352371971742858,16.154158809393106,-8.180143762428575
20210507-22:00,18.93,67482.63,2.737535388,67.09,8.416057230836364,14.546739387378167,-15.480314179965369
20210507-23:00,19.35,487324.21,3.615190175,66.1,9.447507720541125,18.790432325431354,-17.965888973917746
20210508-00:00,19.82,1114645.7,3.522300385,64.59,11.787430110991343,17.26583231946283,-22.898497788160174
20210508-01:00,20.18,1757286.06,4.151204644,64.15,13.672222088924673,21.54711492931287,-27.011005452969698
20210508-02:00,26.35,2301846.65,4.612125324,48.13,17.59788463460433,22.82267864662241,-38.56598654180087
20210508-03:00,26.47,2697618.03,5.007524338,46.78,18.76676627642078,27.279686517441895,-41.03958287498701
20210508-04:00,26.62,2911605.1,5.243138373,46.93,19.3757010757671,30.41113432968553,-42.399380475484854
20210508-05:00,29.82,2921282.91,5.388617633,40.2,20.497166392927273,31.205277488179355,-46.56495674535498
20210508-06:00,29.85,2728462.51,5.372075949,41.53,19.821109983413855,31.231971247409504,-45.2453797453723
20210508-07:00,29.87,2348820.8,5.258564443,44.04,18.531666598269265,30.05214472893459,-42.68876902886147
20210508-08:00,29.44,1825483.47,4.951009998,48.62,16.6704427973039,26.68234582979434,-38.69810058122078
20210508-09:00,29.51,1208933.57,3.84584191,49.73,15.25513056352381,15.641805996246262,-35.704191413809525
20210508-10:00,24.65,587346.69,2.343608329,63.42,12.162566393509092,10.716961913253513,-26.38783713680087
20210508-11:00,24.58,114379.23,2.280898946,68.88,10.39090655058182,11.452494468589993,-22.859551331922074
20210508-12:00,24.01,0.0,2.669475604,74.67,9.388054897340261,13.482094823849682,-20.653901019376626
20210508-13:00,23.37,0.0,2.871671987,78.49,8.935048755851948,14.809576657248641,-19.441747926419914
20210508-14:00,20.9,0.0,2.30633909,83.35,8.379183558987014,13.81883512159503,-16.751020217359304
20210508-15:00,20.49,0.0,1.74691156,87.95,8.418476440623376,13.03317792298058,-16.523651210562765
20210508-16:00,20.22,0.0,1.790670266,89.48,8.255467970270129,13.304220505837993,-16.059113283783546
20210508-17:00,18.92,0.0,1.730462366,92.26,7.811852450529869,13.790469789263193,-14.391182655645022
20210508-18:00,19.17,0.0,1.056882207,92.94,8.260935610864937,13.044513297990534,-15.318226018108229
20210508-19:00,19.89,0.0,2.433105012,91.8,7.685331797994804,15.15423043343879,-14.873172044277059
20210508-20:00,18.98,0.0,2.732325017,94.78,7.129695898890908,16.736340766238364,-13.297112212437227
20210508-21:00,18.68,0.0,2.656990779,92.48,7.178792545587012,16.344442719954603,-13.164654242645023
20210508-22:00,21.21,64065.95,3.082336776,76.31,8.489995256910824,16.21158747090032,-17.228319340883118
20210508-23:00,21.56,463799.01,2.967086113,74.98,10.043407369862337,15.033013332116962,-20.51148737358008
20210509-00:00,22.23,1052353.68,2.662705391,74.4,12.40191067708831,12.891024723676516,-25.574847280861473
20210509-01:00,22.97,1646619.31,2.630076045,73.82,14.636399692047618,11.915489137487272,-30.487862212142854
20210509-02:00,28.11,2166864.28,2.468136949,62.14,18.39134941328398,8.442383744639347,-40.995590285632034
20210509-03:00,28.33,2551669.59,2.472589735,60.18,19.810582887571428,7.856816202182356,-43.94568372214286
20210509-04:00,28.49,2765671.06,2.927200027,56.83,20.42738871193853,9.14788722519157,-45.32575855481818
20210509-05:00,30.91,2791215.01,3.446461954,52.13,21.075523510283983,10.947536630508209,-48.162936813965366
20210509-06:00,31.06,2623306.16,3.713812058,49.36,20.506196501996538,12.726737218106708,-47.1346359350736
20210509-07:00,31.07,2279938.8,3.749733324,47.36,19.420865096509093,13.184265819324917,-44.95137382751516
20210509-08:00,30.91,1775701.37,3.488624371,48.41,17.810115658352384,11.949704354624556,-41.592241905190484
20210509-09:00,30.65,1182571.02,2.653450584,49.88,16.202560322327273,8.408777139348638,-38.06823500387879
20210509-10:00,26.57,579052.8,1.722353042,66.03,12.954556382592207,8.968623098939311,-29.070033590034633
20210509-11:00,25.94,115288.33,2.376215478,70.33,10.668824886793072,11.457943916485817,-24.29518724148052
20210509-12:00,25.71,0.0,2.285694643,71.65,10.221700097316884,11.473498225112898,-23.257595400290043
20210509-13:00,25.9,0.0,2.595380512,70.91,10.119005459033765,12.3690229075174,-23.222151955532464
20210509-14:00,24.66,0.0,2.979546945,74.41,9.397856248584414,14.626770580321683,-21.134522319069266
20210509-15:00,23.54,0.0,3.089336498,76.9,8.914969529771428,15.692269940582548,-19.52971112104762
20210509-16:00,23.09,0.0,3.200562451,77.69,8.68888330862078,16.482518720080034,-18.83147218103463
20210509-17:00,22.13,0.0,3.32001506,79.99,8.253315639324676,17.628676934026927,-17.41981177982684
20210509-18:00,22.11,0.0,3.253013987,79.1,8.322477322085716,17.170286627899273,-17.520795536809523
20210509-19:00,21.83,0.0,3.305041603,80.9,8.141130882355842,17.69568120877709,-17.018551470593067
20210509-20:00,20.53,0.0,3.075467444,85.1,7.74381044269091,17.119354849720164,-15.427779309246752
20210509-21:00,20.48,0.0,2.510975906,86.22,8.02458328756883,14.810439522605675,-15.86001976499567
20210509-22:00,24.46,69082.17,1.89066126,76.9,10.127305715428571,11.228281574956608,-22.284172254285714
20210509-23:00,24.75,482894.05,1.383112432,74.56,11.98523391958788,9.801554224612566,-26.04765309613852
20210510-00:00,24.67,1079874.49,0.646606526,73.73,14.4265527826684,8.730837803953928,-30.722686610796536
20210510-01:00,25.61,1683658.82,0.873670418,71.76,16.64825355612641,7.777071268469175,-35.7678212824329
20210510-02:00,29.28,2198516.31,0.888650663,59.74,19.87234015934286,5.283363482345123,-44.33479140366667
20210510-03:00,30.01,2575024.28,0.25,57.5,21.80640127965368,4.398985460259739,-48.49799736450216
20210510-04:00,30.42,2743979.6,0.17,55.54,22.611092173160174,3.958212374025974,-50.31973412987013
20210510-05:00,30.93,2558531.15,0.667083203,51.59,21.994291140970564,3.743234153274277,-49.44996429050649
20210510-06:00,31.24,2247825.65,0.907854614,50.21,20.956480956708223,3.939908802234685,-47.5964808881645
20210510-07:00,31.32,1935249.79,1.494021419,49.01,19.632471729985284,4.606403105323491,-45.09963518965801
20210510-08:00,30.53,1503538.05,1.958979326,52.21,17.564068242062337,6.273720480546141,-40.60833061772295
20210510-09:00,29.71,978818.68,1.465366848,55.05,15.766236097260606,6.459261206258331,-36.443207901783545
20210510-10:00,25.08,458803.55,1.282263623,72.13,12.154402577282251,9.444263591101436,-26.538547922454544
20210510-11:00,24.08,102756.12,2.589903473,75.33,9.772604290225974,13.110601171912409,-21.458990140852816
20210510-12:00,24.0,0.0,4.341900506,77.85,8.257846709387014,25.156560982488422,-18.76307784897835
20210510-13:00,24.19,0.0,6.3214318,74.92,7.2385694914285725,55.920078654495256,-17.199996771428577
20210510-14:00,20.12,0.0,6.100819617,78.5,6.068599138890909,52.719156960462875,-12.342903326722947
20210510-15:00,18.18,0.0,5.628223521,82.45,5.643974978309092,44.7107198872377,-10.249482106705628
20210510-16:00,17.83,0.0,5.383651177,84.33,5.617471631462337,40.91238738094535,-9.955309861961037
20210510-17:00,16.9,0.0,4.96632661,88.07,5.456437800233767,35.370136680006304,-9.022634428961037
20210510-18:00,16.79,0.0,4.864123765,88.52,5.468798468272727,34.0897652815984,-8.964664113787878
20210510-19:00,16.61,0.0,4.914804167,88.55,5.385792824475324,34.804415160119184,-8.697749945554113
20210510-20:00,15.98,0.0,4.687216658,88.41,5.34779987532987,32.11161168317096,-8.184428363645022
20210510-21:00,15.96,0.0,4.73016913,87.76,5.341638781740259,32.586134658220296,-8.15987416004329
20210510-22:00,15.95,35196.66,4.166593333,89.25,5.736197369031167,26.578803469315815,-8.849436348385282
20210510-23:00,16.11,198257.54,4.63146845,89.15,6.050418955108225,31.273721629234643,-9.66860346168831
20210511-00:00,16.19,286279.2,4.881936091,90.47,6.1649724752701305,34.35757877266254,-10.014470696878789
20210511-01:00,16.48,585679.53,5.511125112,90.1,6.882732889942858,43.225399229845564,-11.75054794514286
20210511-02:00,17.96,637425.63,4.893955455,83.13,8.119937268558441,33.08540652657064,-14.92719376664502
20210511-03:00,18.3,986584.01,4.214736053,81.02,9.870680825775757,24.77585751244012,-18.475910593753248
20210511-04:00,18.8,1118079.31,4.005246559,78.39,10.680016864167099,22.365950743271796,-20.328052737103896
20210511-05:00,19.64,1055427.34,3.763509001,75.39,10.973102615850216,19.96468669758873,-21.346915689909096
20210511-06:00,20.01,1093200.29,3.460939179,75.48,11.382762134591342,17.67350955617452,-22.335937213207792
20210511-07:00,20.65,1422250.96,3.373796082,73.95,12.77435109192554,16.48724611512938,-25.478006854796533
20210511-08:00,21.03,579374.57,3.056550343,73.34,10.287448230996537,15.383761820681158,-20.668068002454543
20210511-09:00,20.92,373355.79,2.99736551,73.48,9.599346747246756,15.336320015607086,-19.21375101207793
20210511-10:00,19.88,264297.05,1.549322433,78.98,9.593214888684848,11.951104378373083,-18.339497727173157
20210511-11:00,19.82,71058.59,1.626345597,75.82,9.008846816258874,12.021195662947738,-17.107984396939397
20210511-12:00,18.92,0.0,1.996496932,76.63,8.26119274989091,13.07730538673954,-15.14008315458009
20210511-13:00,18.23,0.0,1.993614807,78.53,7.991753193722076,13.416242969731538,-14.19816008477489
20210511-14:00,17.12,0.0,2.133354167,83.06,7.414273214085716,14.411045465498006,-12.442836309190477
20210511-15:00,16.4,0.0,2.197384809,87.4,7.001049634080518,15.11871448918717,-11.239844628229436
20210511-16:00,16.24,0.0,1.938298223,88.22,7.0788392480181805,14.623254674911985,-11.255208270506492
20210511-17:00,15.21,0.0,1.687720356,93.17,6.742043111075326,14.853275808698271,-9.958167089887446
20210511-18:00,15.1,0.0,1.717236151,92.86,6.704982984724675,14.907213085178382,-9.817828784064933
20210511-19:00,15.06,0.0,1.812401721,92.78,6.639571954412987,15.074120524421092,-9.680238971640694
20210511-20:00,14.76,0.0,1.74416169,93.29,6.57493155742857,15.081854544171104,-9.35821926238095
20210511-21:00,14.73,0.0,1.555892027,92.96,6.692179069514285,14.784818803357652,-9.532203211095238
20210511-22:00,16.8,60379.92,2.005716829,85.52,7.504849289612987,14.335505472038633,-12.432313806497834
20210511-23:00,17.09,402040.51,1.796941847,83.89,8.915346548509957,13.371888751989765,-15.369908306246751
20210512-00:00,17.38,897071.05,1.941648784,85.31,10.506156653842424,13.180594181566613,-18.778435272277054
20210512-01:00,17.76,1366272.36,2.100214275,87.59,11.994761985649351,13.133905459028998,-22.052207518939397
20210512-02:00,20.72,1675718.94,2.266296538,76.57,14.201666162914288,11.552059748634196,-28.188496395333335
20210512-03:00,21.15,2115698.21,2.080865205,75.24,15.954197854056273,10.40744528048433,-31.905391259935065
20210512-04:00,21.73,2469660.08,1.921275618,73.95,17.4457985322303,9.438496616763238,-35.19896907117749
20210512-05:00,23.32,2316841.34,1.920104164,69.0,17.584248461773164,8.748958146520703,-36.3956346394632
20210512-06:00,23.29,2063053.06,2.21,68.89,16.56006431255411,9.67816842051948,-34.385245508225104
20210512-07:00,23.59,1783851.85,2.640927867,68.18,15.484213515730737,11.202747106744305,-32.496222994471864
20210512-08:00,23.49,1322894.12,2.947626164,70.22,13.65561682281212,13.158746127715677,-28.864958012623376
20210512-09:00,22.91,742262.48,2.918938163,72.53,11.481676537697835,13.950453326307862,-24.182292223147183
20210512-10:00,21.05,312004.94,2.707397274,80.65,9.326617063305628,14.631282179869235,-18.783891070588744
20210512-11:00,21.26,79877.36,2.186595527,80.64,8.925729121895237,13.095235723529708,-18.007824968238094
20210512-12:00,21.17,0.0,2.39520354,82.01,8.455215538337663,13.90516828389105,-17.07059732580087
20210512-13:00,21.39,0.0,2.802641611,82.78,8.243609838594807,15.406475981217254,-16.87506401670563
20210512-14:00,21.13,0.0,2.736293113,86.18,8.076665690641558,15.468107324144583,-16.411109484402594
20210512-15:00,21.21,0.0,2.482438317,88.7,8.153653892916884,14.698082671682869,-16.59656601200433
20210512-16:00,20.93,0.0,2.283965849,91.23,8.094165945145456,14.360004024663365,-16.297419432385283
20210512-17:00,20.56,0.0,1.965960325,93.56,8.088475753051949,13.862572898328255,-16.02365006461039
20210512-18:00,20.58,0.0,1.668202626,93.7,8.267390112711688,13.33031396445553,-16.336126378329006
20210512-19:00,21.27,0.0,1.780365131,91.58,8.479832869451947,13.149936713925582,-17.183054782419912
20210512-20:00,21.56,0.0,2.04318379,91.64,8.402661154571428,13.596527931015991,-17.261578114761903
20210512-21:00,21.49,0.0,1.780252791,91.33,8.552497676049352,13.067404836153518,-17.461305650558437
20210512-22:00,21.81,9892.28,2.213255521,89.06,8.505540434586147,13.734560322766074,-17.622606432246755
20210512-23:00,21.0,65266.34,2.591138746,91.93,8.120143946339393,15.326119083455929,-16.463234256597403
20210513-00:00,20.12,140053.01,2.841777613,95.0,7.848010565100434,16.751515933374034,-15.46420349262771
20210513-01:00,18.96,211191.05,2.942006118,99.21,7.529545716645888,17.797112280965415,-14.1838995832987
20210513-02:00,20.15,266197.63,3.499842854,94.05,7.919237902751515,20.16457057796222,-15.744504982363633
20210513-03:00,19.9,466501.36,3.855502561,93.64,8.318066633096969,22.62964461599431,-16.453207804367963
20210513-04:00,20.35,618467.72,3.582764296,90.7,9.231381008547187,20.061364836144698,-18.46567851265801
20210513-05:00,21.76,722267.69,3.531529414,85.8,10.20188807151342,18.819270694317463,-21.205666441411257
20210513-06:00,21.77,630096.05,3.676003264,85.84,9.80926366281212,19.935276019253234,-20.456022350718616
20210513-07:00,21.73,465817.34,3.758257575,85.67,9.207510181406926,20.717677824358265,-19.241996553138527
20210513-08:00,21.4,312368.95,3.478692283,88.01,8.678300177819047,19.150147737405106,-17.953767383666666
20210513-09:00,21.83,237525.8,3.366437286,86.03,8.69617600935238,18.230538611507082,-18.207544237809522
20210513-10:00,21.22,113034.24,2.880017361,88.35,8.30838077301039,16.116787266464296,-16.98718060263636
20210513-11:00,21.72,31350.9,3.012125495,86.75,8.162032897805195,16.556467120132627,-17.009651067770562
20210513-12:00,22.0,0.0,3.27001529,85.89,8.016302514311688,17.829452322060128,-16.93193276194805
20210513-13:00,22.08,0.0,3.802959374,86.17,7.708484115859739,21.470963626835427,-16.476044955004326
20210513-14:00,21.56,0.0,3.906328199,89.84,7.354904379301299,22.743313547852715,-15.515316822645019
20210513-15:00,21.13,0.0,3.871188448,93.48,7.111312905225974,22.859951179274706,-14.802188175376624
20210513-16:00,21.02,0.0,3.519786925,94.69,7.243582390454546,20.366078378750416,-14.944065888852817
20210513-17:00,20.53,0.0,3.240246904,97.12,7.176631078379222,18.952467585349872,-14.482480368727272
20210513-18:00,20.39,0.0,3.113278015,97.68,7.190994229961039,18.33709428815576,-14.40641895469697
20210513-19:00,20.42,0.0,2.930017065,97.65,7.310691059701299,17.413230533652126,-14.627342242359305
20210513-20:00,20.23,0.0,3.258297101,98.82,7.0138529082311685,19.274596835650144,-13.996897704194808
20210513-21:00,20.25,0.0,3.414923132,98.8,6.926370796124675,20.218614637885743,-13.86537989830303
20210513-22:00,20.74,19779.57,3.355294324,97.17,7.23158647443117,19.559111975787033,-14.746049995480517
20210513-23:00,20.59,69941.0,3.607020931,97.63,7.186976056118613,21.252306937403993,-14.62029136337229
20210514-00:00,20.76,200194.45,2.797892064,98.42,8.124423750777488,16.584668163583714,-16.448858814787883
20210514-01:00,21.42,570363.17,2.875030435,97.7,9.5286598381342,16.30836373990024,-19.67197944292208
20210514-02:00,23.69,603890.47,3.123859792,88.81,10.48605495553593,16.155312139435022,-22.92631909890909
20210514-03:00,24.61,883797.78,2.698758974,86.45,12.028945007807792,13.459867119806031,-26.465953498727274
20210514-04:00,25.1,1035925.04,2.805298558,82.43,12.768735500697836,13.294672529448341,-28.217967942432907
20210514-05:00,26.64,973374.96,2.140864311,75.42,13.672012665348053,10.141055267220079,-30.753929794627705
20210514-06:00,25.54,589977.78,1.527383383,82.57,12.169253479290909,10.259700891301986,-27.037619998818183
20210514-07:00,25.25,1016025.33,0.570087713,85.15,13.980412757914287,9.503375956990247,-30.322462106047617
20210514-08:00,25.26,771070.8,0.380131556,85.71,13.258910313153248,9.765409799182857,-28.854929188588756
20210514-09:00,24.9,492645.99,0.688839604,88.71,11.925862524612986,10.429898964412299,-26.066679117212125
20210514-10:00,24.24,275288.75,1.54029218,90.76,10.422025287238094,11.600565857191196,-22.847347105714277
20210514-11:00,23.7,62093.92,1.988290723,94.85,9.128940364468399,13.051468885066743,-20.069608137606064
20210514-12:00,23.47,0.0,1.666043217,95.6,9.020374069799999,12.649378002925218,-19.65538535442857
20210514-13:00,23.35,0.0,2.592180549,95.7,8.426509852418182,15.017539891987111,-18.579897373077927
20210514-14:00,22.8,0.0,2.293141949,97.44,8.380997947483118,14.335828793346531,-18.111187055329008
20210514-15:00,22.33,0.0,1.60580198,98.32,8.624830500311688,13.099092126956876,-18.181860357662337
20210514-16:00,22.41,0.0,1.433875866,97.72,8.774219934945455,12.812632245569116,-18.487985605861475
20210514-17:00,21.81,0.0,1.559134375,98.89,8.482051842532467,13.2283298248765,-17.572467356601734
20210514-18:00,22.24,0.0,1.566971602,98.28,8.623972882955844,13.068384273169572,-18.116145281116882
20210514-19:00,22.12,0.0,1.503329638,98.43,8.622028191225972,13.032537009826186,-18.027189842519483
20210514-20:00,22.07,0.0,1.799027515,98.7,8.41980427022078,13.508775788640143,-17.654435688463206
20210514-21:00,22.1,0.0,2.494513981,98.62,8.01420070230909,15.257572439265415,-16.999858313372293
20210514-22:00,23.1,26570.95,2.081249625,96.77,8.708521357034632,13.618000118891315,-18.900868396645023
20210514-23:00,23.51,125784.38,2.244749429,95.75,9.098016024851082,13.739604588019166,-19.953120463640698
20210515-00:00,23.41,148814.29,2.634919354,97.66,8.837693423530736,15.163550039223182,-19.47340967890043
20210515-01:00,22.79,227779.3,3.293584673,98.99,8.476749893169696,18.53520067818412,-18.516718885441563
20210515-02:00,22.58,201514.6,3.200312485,95.44,8.523475894281383,17.80843873341516,-18.415412553961037
20210515-03:00,22.36,278314.62,2.934552777,97.19,8.80789282470909,16.566058441854587,-18.817631269753246
20210515-04:00,22.75,353576.37,2.947303853,96.7,9.18163415962857,16.401341749108212,-19.80272908985714
20210515-05:00,23.15,313638.08,2.276071176,94.21,9.66254483379394,13.62190236318142,-20.84558528806926
20210515-06:00,22.38,213820.84,2.082138324,95.9,9.16033625581645,13.570772924576332,-19.34766294699567
20210515-07:00,22.08,232052.3,3.244009864,96.63,8.40982902099394,18.260951216414796,-17.902789019116877
20210515-08:00,22.6,180035.66,4.516912662,95.55,7.663347892843292,28.628903923974264,-16.972286110294377
20210515-09:00,23.76,238262.39,3.34378528,91.35,9.056378357108226,17.95383376144627,-20.18727134597403
20210515-10:00,21.65,175591.74,1.576229679,97.96,9.047619940651947,13.048901726829238,-18.59589707251515
20210515-11:00,21.76,27973.9,1.016710382,97.8,8.928934389847619,12.631683623617693,-18.31263942752381
20210515-12:00,21.78,0.0,1.447791421,98.85,8.541844627919481,13.09644179662199,-17.65069342748485
20210515-13:00,21.56,0.0,2.132158531,99.18,8.055510076205195,14.39561146244406,-16.68299298415151
20210515-14:00,20.47,0.0,2.56750852,97.86,7.534300082805195,15.919140530071251,-15.03573823324675
20210515-15:00,20.06,0.0,2.768176295,96.5,7.34974357364935,16.70971088823782,-14.435286908463201
20210515-16:00,19.98,0.0,3.693913913,96.06,6.788586717135063,22.005823047109125,-13.442882623796535
20210515-17:00,18.88,0.0,4.46467244,97.54,5.954183548987011,29.45219703709716,-11.26649639116883
20210515-18:00,19.11,0.0,4.568084938,97.66,5.953175011225975,30.54645167458621,-11.429101209186145
20210515-19:00,19.1,0.0,3.883297568,98.69,6.321060420238963,23.945217956429005,-12.03510070039827
20210515-20:00,17.52,0.0,3.683177976,98.0,6.016586720893508,22.780176378760878,-10.399073106251084
20210515-21:00,17.26,0.0,4.38041094,98.86,5.490454734701298,29.11894223161972,-9.33647217688312
20210515-22:00,16.13,5355.49,4.45408801,97.71,5.186048177982684,30.13099376654206,-8.027935602987013
20210515-23:00,16.02,39026.72,5.037955935,96.78,4.952770051121211,37.2388568438832,-7.597979774090907
20210516-00:00,16.15,125877.3,5.399083256,95.98,5.093907280166233,42.418972516684285,-8.02256627646753
20210516-01:00,16.2,124919.84,5.478831992,97.11,5.01312624549264,43.780527180508756,-7.92258165994805
20210516-02:00,15.87,178537.37,5.628578861,92.93,5.170574652664069,46.014945955852696,-8.008856419519478
20210516-03:00,15.09,180283.32,5.59946426,96.88,4.8171099998441544,46.04333270124062,-6.864545752121213
20210516-04:00,14.68,264370.48,5.489717661,95.76,5.089741999070995,44.14875544079607,-7.119505452419913
20210516-05:00,14.52,320184.53,5.073066134,88.48,5.763701826526407,37.22898456532872,-8.190501728337662
20210516-06:00,14.36,376843.39,4.878216887,84.84,6.1655781374969685,34.30285766724364,-8.80896415455844
20210516-07:00,14.81,365635.53,4.469239309,78.92,6.732825930184415,28.848214605273483,-10.063352536021647
20210516-08:00,15.53,218919.48,4.354962686,72.77,6.75766307930909,27.096519756076408,-10.456015665515151
20210516-09:00,15.49,214977.02,4.061329831,73.36,6.886285674560174,24.320461713565056,-10.637434717917749
20210516-10:00,14.73,172792.64,3.04763843,77.46,6.977002798277056,17.866100697975465,-10.19890124792208
20210516-11:00,14.81,45338.35,2.6469983,78.24,6.785006775411256,16.256874845460242,-9.794434855844157
20210516-12:00,14.98,0.0,2.674696244,79.03,6.63505238347013,16.42216723281467,-9.61556349625974
20210516-13:00,15.26,0.0,2.652432846,76.04,6.844903928763637,16.023025515854357,-10.165316071748919
20210516-14:00,14.65,0.0,2.898620361,82.14,6.285243367815585,17.707778126106952,-8.796834184454546
20210516-15:00,14.12,0.0,3.298878597,87.45,5.686776737903896,20.372276194439102,-7.42081837269697
20210516-16:00,13.86,0.0,3.031451797,91.51,5.614765285436363,19.300699428569317,-7.115084999536797
20210516-17:00,13.78,0.0,2.4623769,93.38,5.860495937922078,17.118724908154444,-7.467493229870129
20210516-18:00,13.68,0.0,2.175729763,94.37,5.965341362979221,16.382500958157287,-7.570807033536795
20210516-19:00,13.57,0.0,2.373604853,96.04,5.750122802485714,17.1028630691548,-7.133538004142857
20210516-20:00,13.0,0.0,2.361228494,98.93,5.482094072431169,17.45307930993863,-6.27968059690909
20210516-21:00,13.01,0.0,2.011218536,99.12,5.6875545926857125,16.55058838546765,-6.62925765447619
20210516-22:00,16.62,82341.21,2.473863375,84.91,7.26950332435065,15.603121308266164,-11.935900535822512
20210516-23:00,16.81,499003.51,2.465948094,82.96,8.793386566543722,14.953887045672015,-15.074378336303027
20210517-00:00,16.95,1075972.77,2.814427118,80.41,10.646880668161039,15.465106203030235,-18.904612127887447
20210517-01:00,17.21,1687555.22,2.523350947,77.29,13.055978693271861,13.404094842969227,-23.78502584434199
20210517-02:00,21.48,2221288.64,2.341644721,55.63,17.008009932767965,9.375843398456361,-34.014781710168826
20210517-03:00,21.98,2608618.55,2.046191584,52.43,18.74391398250043,7.819443703997255,-37.695464550199134
20210517-04:00,22.02,2822787.89,1.547384891,49.93,19.865926967131603,6.5150149331368326,-39.83202355315584
20210517-05:00,23.42,2831237.49,1.492816131,43.67,20.57072966036104,5.549988100797676,-42.01608315298269
20210517-06:00,23.57,2617068.16,1.39645981,43.1,19.97971062135931,5.567156617600179,-40.90022835623377
20210517-07:00,23.55,1302478.53,0.814002457,42.7,15.957089729696106,6.459222929638155,-32.720919344731605
20210517-08:00,22.88,1037048.25,0.320156212,46.58,15.0260324740987,7.126320894994654,-30.3956632901645
20210517-09:00,22.96,634509.05,0.268700577,45.72,13.771472158129004,7.436550723292637,-27.91460650958009
20210517-10:00,19.61,341758.38,0.73430239,71.64,10.54926251664935,10.774645540535296,-19.82612144203463
20210517-11:00,19.51,69568.42,1.074662738,67.27,9.579434752870997,10.8885587482121,-17.835879975419918
20210517-12:00,19.23,0.0,1.623730273,71.39,8.777580018018181,11.911863741485085,-16.22215717288745
20210517-13:00,19.28,0.0,1.747226373,71.6,8.709586254122078,12.105390355381747,-16.144548518774897
20210517-14:00,18.15,0.0,1.896444041,78.46,8.029925783192208,13.233089012019484,-14.20463821008225
20210517-15:00,16.98,0.0,1.744018349,84.67,7.545147432158442,13.775642688113148,-12.560960005978355
20210517-16:00,16.74,0.0,1.78549713,87.3,7.349221202519479,14.119614388793666,-12.062987718484848
20210517-17:00,15.1,0.0,2.130093895,94.52,6.39259301364935,15.873094161846574,-9.297178832272726
20210517-18:00,14.39,0.0,1.864537476,96.76,6.261796994919481,15.671803941285123,-8.572042610580086
20210517-19:00,14.44,0.0,1.830437106,96.56,6.304335138997402,15.57844562735157,-8.678653803090908
20210517-20:00,13.11,0.0,1.88663722,99.86,5.762043642025974,16.3214824842757,-6.824834641471861
20210517-21:00,13.28,0.0,2.217949503,99.72,5.617282246251947,17.02481332201295,-6.704994219943722
20210517-22:00,18.46,84214.4,1.88063819,81.32,8.297266817601734,13.2524112642843,-14.965206727748921
20210517-23:00,18.33,443773.28,1.271416533,78.69,9.926654087126405,11.889388116950506,-17.987504900766233
20210518-00:00,18.55,1005758.05,0.559732079,77.79,12.324869404115152,10.852619831129354,-22.76610080844589
20210518-01:00,19.01,1630320.05,0.730821456,74.2,14.575387812547184,9.85597403260677,-27.539494028848484
20210518-02:00,22.98,1972944.03,0.957705592,51.34,17.606272329215585,6.686506696993055,-35.807375820121216
20210518-03:00,22.65,2060777.48,1.469863939,52.46,17.453833409760172,7.19791050111567,-35.41518939087013
20210518-04:00,22.66,2176154.33,2.221440974,53.6,17.345918247201734,8.584276019207502,-35.37067014374891
20210518-05:00,23.49,2004163.65,2.254595307,52.21,17.044022082033766,8.501392506511683,-35.26926625577055
20210518-06:00,23.78,1851459.0,2.22524156,51.49,16.663527921142858,8.434803348935976,-34.672580344761904
20210518-07:00,23.67,1171640.54,2.330944015,51.95,14.284694265458876,9.481165351799028,-29.87393231227273
20210518-08:00,22.97,734735.58,1.973854098,61.01,12.489611336005193,9.919610670939457,-25.896677474294368
20210518-09:00,23.23,356989.53,1.276126953,60.01,11.76234087625195,9.12475616356544,-24.450556493753247
20210518-10:00,20.45,211750.44,0.885663593,73.61,10.188332748096105,10.872483369252766,-19.680118561112554
20210518-11:00,20.06,79689.2,1.63024538,77.16,9.05163928282251,12.054049034122073,-17.360323312640695
20210518-12:00,20.45,0.0,1.672991333,76.47,8.898672732667533,12.032149301219963,-17.29540693539827
20210518-13:00,19.91,0.0,2.309567059,81.88,8.151662362002597,13.996525494705788,-15.664675365242429
20210518-14:00,17.99,0.0,2.430740628,87.55,7.309477701122079,15.358291351016687,-12.889605692346318
20210518-15:00,19.38,0.0,2.060097085,82.82,8.11329239835065,13.5709445245657,-15.222153997251077
20210518-16:00,18.32,0.0,1.583982323,88.39,7.879091125680519,13.440765754133846,-14.074675685658008
20210518-17:00,17.51,0.0,1.316548518,95.56,7.528772187901298,13.923215969507307,-12.91223936078788
20210518-18:00,17.36,0.0,0.807774721,97.86,7.701568933633767,13.826221065909778,-13.0930910798658
20210518-19:00,16.55,0.0,0.534509121,97.34,7.654359462464935,13.94906402058974,-12.435837199346324
20210518-20:00,15.78,0.0,1.428635713,99.97,6.795415974797402,14.876387491849906,-10.454264719900431
20210518-21:00,15.54,0.0,0.99744674,99.01,7.022960527428571,14.520429047411788,-10.662077069523807
20210518-22:00,19.2,62382.68,1.441804425,88.02,8.43818428699134,12.920489041307043,-15.70438313863636
20210518-23:00,18.6,284935.56,1.281600562,91.25,8.978876810851947,12.958835932629832,-16.42424689427706
20210519-00:00,18.54,571610.24,1.281405478,91.56,9.905355348697835,12.713285203002503,-18.24404807005195
20210519-01:00,19.46,1078098.9,1.790027933,85.21,11.798737149290911,12.10941415277821,-22.619592439294372
20210519-02:00,22.02,1407411.97,2.407072911,71.67,13.785181434785281,11.486511747020735,-28.124807754800862
20210519-03:00,22.2,1528111.44,2.858828431,70.23,14.023992156984413,12.914601083217997,-28.785507575926403
20210519-04:00,22.42,1373503.83,3.472074308,67.72,13.301335281433769,16.17294504904619,-27.56643607381818
20210519-05:00,21.27,825752.8,2.611378946,73.88,11.423344303395671,13.156700060210737,-23.00641028343723
20210519-06:00,21.67,1243148.41,3.007274514,71.95,12.766606182076192,14.181740413625853,-25.994667266952383
20210519-07:00,21.45,694779.84,3.053145919,75.03,10.728330962885714,15.262715543112634,-21.83110063338095
20210519-08:00,19.15,519176.14,2.976390431,89.99,8.949038589019048,16.880637269802314,-17.027640978523813
20210519-09:00,19.02,355193.28,3.698783584,89.06,7.968084072976623,21.415752369915726,-15.117656464484847
20210519-10:00,17.35,67254.87,3.618134879,89.66,6.556159115457144,21.638783916474758,-11.251659492428573
20210519-11:00,17.13,17290.9,3.118493226,86.85,6.736020917213853,18.434953940862854,-11.338770782658006
20210519-12:00,17.16,0.0,2.272641635,85.37,7.252129304714288,14.948461493047901,-12.201167888809525
20210519-13:00,17.39,0.0,1.664812302,84.86,7.702411320098703,13.547775492050402,-13.115923628735931
20210519-14:00,16.59,0.0,1.506286825,88.8,7.41544868422078,13.865799980050156,-12.066223997510821
20210519-15:00,16.42,0.0,1.756018223,91.04,7.129765689576624,14.452052066001372,-11.468657101675326
20210519-16:00,16.63,0.0,2.096187015,91.41,6.971248829961039,15.111026499599564,-11.354462335649352
20210519-17:00,15.91,0.0,2.374278838,94.05,6.495822307589611,16.28129851087183,-10.047799084077921
20210519-18:00,16.04,0.0,2.598326384,94.22,6.3919132605090905,17.013365360361238,-9.967474481800865
20210519-19:00,16.11,0.0,2.37844487,94.38,6.537608402675325,16.262702296128793,-10.260299718744587
20210519-20:00,15.88,0.0,1.813945975,94.32,6.812931116298701,14.962604022227453,-10.554885193831169
20210519-21:00,15.77,0.0,1.359448418,94.58,7.04407120894026,14.385890295080147,-10.86154725299567
20210519-22:00,16.32,78426.59,2.269317078,89.08,7.131000551035498,15.389773504181102,-11.486427288233767
20210519-23:00,16.37,410602.76,2.357159307,86.94,8.283211451297836,15.132980091101025,-13.811577707718614
20210520-00:00,16.62,970096.52,2.136539258,85.3,10.41588735602251,13.766270255299052,-18.16626871083117
20210520-01:00,16.95,1611983.88,1.766154014,83.51,12.941769009781815,12.119032990793126,-23.32499393058874
20210520-02:00,19.91,2164721.78,1.634044063,70.63,16.21102711458095,9.508562047696588,-31.502196375095238
20210520-03:00,20.14,2548305.72,1.376444696,70.65,17.70913493304935,8.741686094502292,-34.58953283127273
20210520-04:00,20.38,2723631.13,0.601664358,70.4,18.83673285749437,8.043761531866393,-36.835097287887436
20210520-05:00,22.31,2637118.56,1.080046295,64.24,19.05275703338961,7.288313076801483,-38.477583931839824
20210520-06:00,22.52,2445522.95,0.99959992,62.98,18.571463734147187,7.274258911841451,-37.61254442199134
20210520-07:00,22.82,2237825.46,0.76694198,60.75,18.19133093407792,7.122896797458093,-36.96250048060606
20210520-08:00,23.14,1783718.63,0.514781507,58.56,17.005691031297832,7.257707855592258,-34.71044226009956
20210520-09:00,23.07,1208595.18,0.848763807,59.79,14.820301406709092,8.0350449791266,-30.37910016356277
20210520-10:00,20.06,528332.6,1.662077014,75.45,10.594641679045887,11.519210627627537,-20.43048663967965
20210520-11:00,20.05,144692.55,2.15425161,75.67,9.00910818335065,12.905753062715977,-17.354521234155847
20210520-12:00,19.7,0.0,2.468055915,77.58,8.164101515935066,14.214952804098363,-15.535407288463203
20210520-13:00,19.58,0.0,2.413462243,78.16,8.139974602251948,14.117027119063053,-15.409481479943718
20210520-14:00,18.87,0.0,2.522419473,81.9,7.726028835680521,14.973351245012637,-14.212429011848485
20210520-15:00,18.25,0.0,2.323617869,84.54,7.56530979808052,14.719214109262666,-13.501706806324677
20210520-16:00,18.3,0.0,2.339615353,84.44,7.573893125862337,14.74457417232858,-13.551726638341991
20210520-17:00,17.25,0.0,2.407405242,87.33,7.120621789864936,15.478091031958908,-12.046274411679656
20210520-18:00,17.14,0.0,2.491766442,87.97,7.013641433501298,15.835529887218309,-11.789402389168831
20210520-19:00,17.04,0.0,2.304886114,89.88,7.022782617314285,15.42631045039832,-11.73320912409524
20210520-20:00,16.58,0.0,2.088659857,93.25,6.889791098787013,15.250712996297478,-11.182985164645022
20210520-21:00,16.58,0.0,2.258539351,93.99,6.7590322335558435,15.746380898867587,-10.965053722593073
20210520-22:00,20.26,85614.9,2.704071005,82.77,8.265667669727273,15.235298614843288,-16.199811878116886
20210520-23:00,20.31,456407.1,2.501539526,81.49,9.68731640128312,14.001701659620991,-19.01693204975757
20210521-00:00,20.4,1027523.36,2.558847397,81.36,11.587431766129004,13.59486510051077,-22.88265032767532
20210521-01:00,20.68,1662791.22,2.744886154,81.14,13.681939473833765,13.576364407027071,-27.27934968496104
20210521-02:00,25.05,2162227.84,2.6853119,64.67,17.27273249982684,10.305424343461388,-36.94036287748918
20210521-03:00,24.8,2457232.74,2.49194703,63.08,18.362620569012986,9.250856835946532,-38.90605478645022
20210521-04:00,24.82,2547406.42,2.656332058,63.65,18.548074979052817,9.793721177013808,-39.32962416191342
20210521-05:00,26.2,2140597.57,2.658589852,59.56,17.744327166289175,9.496240158623051,-38.523748926354976
20210521-06:00,26.34,2165652.16,2.716468295,58.91,17.858440075813853,9.608569654396817,-38.84177554222944
20210521-07:00,26.47,1716610.07,2.789265136,58.64,16.365617342209525,10.300360820524213,-35.94765914019048
20210521-08:00,25.88,1330175.9,2.742353004,61.95,14.808118253877057,10.91753995294019,-32.50102745487445
20210521-09:00,26.22,773838.55,1.935458602,60.29,13.599615243561903,8.815813280192206,-30.1115603027619
20210521-10:00,23.86,437970.13,1.281405478,71.33,11.76807013354632,9.750561676638867,-25.000083700354974
20210521-11:00,23.52,90687.33,1.866788686,72.6,10.112607498789611,11.094221844521446,-21.612252388458874
20210521-12:00,23.68,57.07,1.817608319,71.91,9.912612254920345,10.994328079113686,-21.292512407406928
20210521-13:00,23.61,0.0,2.279034883,71.9,9.615955693576623,12.074055850470234,-20.748021394056277
20210521-14:00,22.73,0.0,2.616906571,76.76,8.972453459997404,13.810329794318351,-19.046946242852812
20210521-15:00,22.24,0.0,2.568501509,79.62,8.750067925768832,13.99569940564735,-18.326303685805193
20210521-16:00,22.18,0.0,2.601922366,80.45,8.680534892088312,14.199353270153228,-18.16755815348052
20210521-17:00,21.48,0.0,2.494193256,84.27,8.396341189257143,14.3154450308813,-17.193901982095237
20210521-18:00,21.53,0.0,2.336236289,84.23,8.506959525301298,13.795279055207503,-17.413980161216454
20210521-19:00,21.5,0.0,1.890105817,85.5,8.716585860449351,12.812125226271334,-17.741928815034633
20210521-20:00,19.89,0.0,1.633799253,92.95,8.12011005858961,13.417862400311058,-15.597802478601734
20210521-21:00,19.82,0.0,1.782273829,92.74,8.019207131171429,13.657915577764193,-15.37963093290476
20210521-22:00,23.47,93141.42,2.303258561,79.52,9.575009769893505,12.68404057074563,-20.683268654584417
20210521-23:00,23.69,510052.0,2.505294394,78.68,10.939074619011256,12.776217139175232,-23.577086904701304
20210522-00:00,23.76,1084520.38,2.586000773,78.08,12.84892201498788,12.420293930351473,-27.44846409799567
20210522-01:00,23.94,1673520.23,2.608236952,77.06,14.890081972090043,11.782194733240562,-31.633413066181816
20210522-02:00,27.82,2187026.37,2.744011662,60.39,18.278356227475324,9.391653409071754,-40.62252777436364
20210522-03:00,28.1,2570566.48,3.093428519,58.3,19.508601718037234,10.390826214412842,-43.29909260307792
20210522-04:00,28.32,2783300.64,3.364669375,55.39,20.231204837337664,11.4320228413705,-44.89694528127706
20210522-05:00,29.41,2526576.21,3.662034953,49.57,19.735219208719478,12.92713906489303,-44.563624628818175
20210522-06:00,29.54,2494328.14,3.976191645,49.23,19.489621237242424,15.396526733355117,-44.21132063032468
20210522-07:00,29.54,2270768.25,4.134694668,49.15,18.652436673225974,17.03594596766941,-42.56761314585282
20210522-08:00,29.15,1734808.75,4.164732885,50.51,16.683466491943722,18.07145211575086,-38.411914192922076
20210522-09:00,29.07,1050152.99,3.64676569,51.66,14.64439860461472,14.55233546678015,-34.195596234675335
20210522-10:00,25.88,620904.24,2.580561954,64.45,12.443551419807793,11.196320526586664,-27.772003109203464
20210522-11:00,26.05,152362.11,2.909037642,64.37,10.736347218696105,12.961511068451118,-24.527488978779218
20210522-12:00,26.0,114.56,3.412110784,63.82,9.934154357305626,15.832054236719856,-22.98562264630303
20210522-13:00,25.85,0.0,3.9999625,62.64,9.584178344155843,20.196296106964276,-22.295059145021646
20210522-14:00,24.29,0.0,4.398920322,65.69,8.78025819641039,24.720237761418534,-19.84090651782684
20210522-15:00,22.96,0.0,4.119465985,69.78,8.408580149259741,22.652762711778728,-18.271443105909093
20210522-16:00,22.85,0.0,3.826277564,66.68,8.673843851210389,19.917341253230674,-18.634977847255414
20210522-17:00,21.42,0.0,3.295603131,68.73,8.503806952568832,16.808436861627126,-17.330154444757575
20210522-18:00,20.96,0.0,2.677386786,70.5,8.674347149179221,14.059430028362609,-17.285816677203467
20210522-19:00,20.73,0.0,2.750890765,72.67,8.47998502151948,14.589600920622258,-16.79759408348485
20210522-20:00,20.74,0.0,2.670599184,71.27,8.585562567522079,14.155814626259975,-16.9806995172987
20210522-21:00,20.62,0.0,2.585884762,72.57,8.551456155787015,13.972183366966666,-16.838141212025977
20210522-22:00,20.62,60028.38,2.801892218,75.92,8.491426801667533,15.028692278485616,-16.80479048849351
20210522-23:00,20.83,314518.93,3.075386155,75.55,9.250047857216451,15.974546416204095,-18.501926192186144
20210523-00:00,21.44,603224.39,2.774617091,74.8,10.596367322456278,14.048275032282241,-21.50229009774459
20210523-01:00,21.67,850701.06,2.705642253,75.35,11.506960172875326,13.495443844277691,-23.459204640506496
20210523-02:00,21.92,688037.66,1.601030918,74.36,11.737515640541991,10.654493713224888,-23.841298070744593
20210523-03:00,22.08,855381.2,1.261784451,73.56,12.575758437625105,9.998182674753156,-25.538592380168826
20210523-04:00,22.29,1236983.84,1.961045639,74.39,13.455872862487446,10.62720193852386,-27.579452688272728
20210523-05:00,23.25,1590220.26,2.633191979,72.17,14.590819012600003,11.775087338484596,-30.54922880195238
20210523-06:00,23.15,814001.91,2.916779045,72.26,11.801194350922078,13.779076681392482,-24.965960961060606
20210523-07:00,23.24,432113.9,2.749345377,71.42,10.687136076830303,13.336566293000773,-22.749162874082252
20210523-08:00,22.78,512304.11,2.422663823,71.3,11.023692462477058,12.185238368493712,-23.07061898825541
20210523-09:00,22.7,362140.1,1.741321337,73.27,10.832340864466666,10.886437611439215,-22.52770790109524
20210523-10:00,21.67,325269.73,1.234382437,75.77,10.621914659445023,10.794361429519135,-21.400316195900437
20210523-11:00,20.74,89150.96,1.365650028,80.21,9.317390239477056,11.763279198591036,-18.299468926112553
20210523-12:00,21.22,114.15,1.597779709,79.34,9.052362025249352,11.925932673815012,-18.101682589701298
20210523-13:00,20.99,0.0,1.666883319,79.6,8.934675203405195,12.112468755924535,-17.741125339008654
20210523-14:00,19.73,0.0,1.490301983,84.33,8.49633829071948,12.600772076240752,-16.110563817865803
20210523-15:00,18.62,0.0,1.593643624,88.85,7.9410865528727275,13.404198363289172,-14.392287111930738
20210523-16:00,18.89,0.0,1.803607496,86.91,7.967835502399998,13.5067518516029,-14.629725837333336
20210523-17:00,18.68,0.0,1.390863041,86.71,8.16327438319221,12.97362004826521,-14.805457305320346
20210523-18:00,18.52,0.0,1.187013058,88.46,8.171688269096103,12.970584669867833,-14.70519473420779
20210523-19:00,18.31,0.0,1.274754878,89.59,8.01501720307013,13.191177577355614,-14.294076290831168
20210523-20:00,16.9,0.0,1.590282994,94.5,7.2315444893142855,14.331241035168217,-11.98114557742857
20210523-21:00,17.12,0.0,1.159655121,95.32,7.520830304023377,13.884585180371376,-12.620431459086582
20210523-22:00,20.99,58045.15,1.7,79.01,9.13127604112554,12.059643161688314,-18.133288012987013
20210523-23:00,21.17,470981.9,1.323064624,77.46,10.845711281877058,11.002321278273199,-21.578070120588748
20210524-00:00,21.56,1145676.65,1.531012737,74.35,13.20252231667446,10.205254700594086,-26.534320773822508
20210524-01:00,21.56,1746733.19,2.44517893,75.18,14.625206738536798,11.67447102109551,-29.57330207692641
20210524-02:00,25.95,2263277.75,2.795800422,58.76,18.03067501736277,9.939413626186923,-38.958735227350644
20210524-03:00,26.06,2650800.29,2.948982876,58.6,19.268169682625107,10.1975323626923,-41.53037836469264
20210524-04:00,26.33,2863991.9,3.036593486,55.48,20.124943315326405,10.092134700227835,-43.38807112871861
20210524-05:00,28.6,2896233.14,3.140859755,42.85,21.31050370457576,8.969794662447985,-47.02125728222944
20210524-06:00,28.63,2730518.89,3.309259736,41.77,20.707732233291775,9.998378682815112,-45.85393979040693
20210524-07:00,28.47,2115709.89,3.571134274,41.92,18.449685735600003,12.361919404745082,-41.29312213552381
20210524-08:00,28.26,1568293.64,3.811823711,42.47,16.399122668638093,14.801851548198751,-37.117276746142856
20210524-09:00,28.15,1153779.76,3.567239829,44.37,15.058705519050216,13.579126261924795,-34.34410575714718
20210524-10:00,24.15,644995.92,3.592005011,56.99,11.713354821971429,16.387235574989177,-25.346063027095234
20210524-11:00,24.27,168966.91,3.500357125,57.08,10.212359407683984,16.207315681704706,-22.40119716677489
20210524-12:00,24.01,399.45,3.866264347,59.23,9.272871593098703,19.327663828872687,-20.462372678974024
20210524-13:00,23.71,0.0,4.299034775,60.43,8.879410303831168,23.445566153436104,-19.591874315909095
20210524-14:00,22.33,0.0,4.454682929,67.09,8.132255177664934,25.98538526734799,-17.360901486584414
20210524-15:00,21.59,0.0,4.610683247,68.44,7.774629012838961,28.05039587793884,-16.236286449969697
20210524-16:00,21.36,0.0,4.67754209,69.69,7.620098122623377,29.00007015453186,-15.814449251991345
20210524-17:00,20.03,0.0,4.935139309,71.55,7.0130722587558445,32.77163513385985,-13.852739478878787
20210524-18:00,20.4,0.0,5.126099882,71.05,7.023690720150649,35.263275271010585,-14.13472262882251
20210524-19:00,21.19,0.0,4.517986277,68.83,7.700766675358443,27.14166951576884,-15.827468268454545
20210524-20:00,19.58,0.0,3.708827308,70.2,7.6728854333818175,20.216488885245468,-14.630999531826838
20210524-21:00,19.39,0.0,2.653243298,72.0,8.181820254966233,14.53133137362239,-15.34350994875325
20210524-22:00,22.77,88506.47,2.142171795,61.34,10.164523684471861,11.037765868699603,-21.160641901103894
20210524-23:00,22.7,483390.29,2.413068586,61.58,11.288914360521211,11.449009696972368,-23.423386161186144
20210525-00:00,23.01,1097913.97,2.292116925,55.5,13.735352169242423,9.906924140903971,-28.40501516937229
20210525-01:00,23.23,1819672.48,2.789193432,50.57,16.09790302997749,10.493877249527797,-33.30169669440693
20210525-02:00,27.04,2369390.45,2.852718002,33.41,19.64932437845368,7.794192243004219,-42.55295859107359
20210525-03:00,26.99,2762907.8,2.610076627,33.25,21.098581755401728,6.41444360593121,-45.369914766939395
20210525-04:00,27.15,2977225.66,2.71543735,32.92,21.808329616839824,6.536224780037915,-46.90524453917749
20210525-05:00,28.03,2970123.07,2.904771936,32.23,21.94936525355152,7.053958985954074,-47.760983595601736
20210525-06:00,28.24,2606707.18,3.093622472,31.01,20.732201099483987,8.18920443199949,-45.478581238822514
20210525-07:00,27.63,1698759.33,3.105221409,35.55,17.347580072781817,9.685981147281575,-38.39300096416017
20210525-08:00,25.97,1051803.5,2.270792813,47.96,14.733925589256277,8.459245901944037,-32.13235606145887
20210525-09:00,26.1,149041.67,1.711052308,48.47,12.077836519529004,8.146442353466249,-26.795329388103898
20210525-10:00,22.41,132468.95,2.062862089,57.83,10.392547211967965,10.63189788920013,-21.33238545645455
20210525-11:00,22.76,57046.21,2.794351445,58.32,9.783153555943723,13.016613445227026,-20.482926318636366
20210525-12:00,23.01,169.11,2.894149271,59.33,9.565762449088313,13.52117598140497,-20.23598245800433
20210525-13:00,23.25,0.0,3.475068345,59.37,9.283660291701297,16.678361297305827,-19.937052867121213
20210525-14:00,22.65,0.0,4.161249812,64.12,8.515457905007791,22.690997718184438,-18.22814412739394
20210525-15:00,21.96,0.0,3.747025487,65.51,8.512693798709089,19.460595083221072,-17.73068014070563
20210525-16:00,21.72,0.0,3.140143309,65.84,8.79539453408052,15.619316408104044,-18.030419461562772
20210525-17:00,20.63,0.0,2.754087871,72.09,8.472092731945455,14.586189494381124,-16.713011696099567
20210525-18:00,20.25,0.0,2.695644635,74.13,8.319106725493508,14.617021094745667,-16.18660644725108
20210525-19:00,20.0,0.0,3.890822535,75.67,7.470571414064937,21.95632515822696,-14.593809499632037
20210525-20:00,18.46,0.0,4.633119899,87.43,6.127011177483117,30.685853918112954,-11.254542438662337
20210525-21:00,18.33,0.0,4.411303662,91.44,6.066724296306493,28.560660600966123,-11.061207160510822
20210525-22:00,18.14,17700.11,3.820994635,88.66,6.533936053199133,22.91595318131663,-11.723845925173162
20210525-23:00,17.98,83709.11,3.689132689,89.58,6.751524779240694,21.953068137432737,-12.04555142095671
20210526-00:00,17.71,163203.79,3.104094071,91.93,7.19882891800606,18.443142083172383,-12.686528598264072
20210526-01:00,17.42,251069.79,2.537124356,93.14,7.701897413672727,16.063742841638486,-13.41546212278788
20210526-02:00,17.43,49494.85,2.278815482,95.58,7.0927584791982685,15.634848568238436,-12.18340126691775
20210526-03:00,17.55,287755.53,2.663174797,93.45,7.773617884137663,16.47899695629674,-13.668615316419913
20210526-04:00,17.54,491690.04,3.15762569,94.15,8.12659917820779,18.622438762391223,-14.476368516060605
20210526-05:00,18.67,777479.26,3.102660149,91.86,9.524287158219048,17.541593609470773,-17.930534917666666
20210526-06:00,20.56,1591307.17,4.37675679,84.42,12.302459003489176,25.42137001047417,-24.815074559783547
20210526-07:00,21.03,1186865.15,5.068224541,81.93,10.770736987521211,33.92401377634665,-22.148538796662336
20210526-08:00,21.58,954559.58,5.442655602,80.14,9.998609567804328,39.50298481135652,-20.996399606658002
20210526-09:00,21.5,497869.87,4.950070707,79.73,8.764978354587878,32.69013033735885,-18.375771716376626
20210526-10:00,20.31,453936.87,3.902947604,85.1,8.697588103833766,22.249055492346965,-17.36464018734199
20210526-11:00,19.72,142079.99,1.776119365,87.77,8.661564711303031,13.146507621064636,-16.53666498391775
20210526-12:00,19.42,561.8,2.144434657,91.19,7.749887197141993,14.414497432931988,-14.645674312696974
20210526-13:00,18.56,0.0,2.14683488,95.14,7.346964007064933,14.974593012437623,-13.359225726060606
20210526-14:00,18.59,0.0,1.888306119,97.12,7.433509835093506,14.545504724340478,-13.524897344203461
20210526-15:00,18.95,0.0,2.626194966,95.33,7.163373929490909,16.37216177706005,-13.331813692008659
20210526-16:00,19.18,0.0,2.701499584,93.48,7.255983366483116,16.45378438551724,-13.65044846794805
20210526-17:00,18.66,0.0,2.876473535,93.02,7.0203496452337655,17.30913266707485,-12.88629702777056
20210526-18:00,18.86,0.0,3.0740527,91.42,7.021282665714285,18.081669674866895,-13.030709204761905
20210526-19:00,18.62,0.0,2.886884133,91.99,7.042804585135064,17.28745629393876,-12.895150499034635
20210526-20:00,17.53,0.0,2.510657284,95.1,6.835943291937662,16.344149086425382,-11.771810248467537
20210526-21:00,17.27,0.0,2.207374005,96.4,6.8929781944025965,15.59787035958072,-11.681154133528135
20210526-22:00,20.97,110506.66,2.469757073,86.32,8.553774016806058,14.428284002880805,-17.214789491502163
20210526-23:00,21.11,556409.75,2.180481598,85.43,10.288358259814718,13.018907088750135,-20.701211107627703
20210527-00:00,21.18,1151707.85,2.098594768,86.77,12.289609565606927,12.30353756631975,-24.748072283948055
20210527-01:00,21.49,1757563.01,2.127580786,85.37,14.434852037923811,11.570617517677835,-29.218077375904752
20210527-02:00,26.8,2282867.68,2.659661633,65.2,18.169606109377494,9.626155729215984,-39.81919649340693
20210527-03:00,26.97,2662638.05,3.409296115,64.81,19.049492887277054,12.951671059830854,-41.82907010577922
20210527-04:00,27.24,2802794.77,4.068709869,62.57,19.285449285959306,17.601240412686867,-42.57091760199566
20210527-05:00,29.25,2649279.01,4.868069433,51.84,19.286452009896966,25.073265763114016,-43.83773002760606
20210527-06:00,29.34,2373437.45,5.322405471,51.24,18.14346942952121,31.714659048516104,-41.69055415237663
20210527-07:00,29.17,1902021.8,5.558246126,52.3,16.340709406651083,36.12522706700316,-38.04073037616451
20210527-08:00,28.33,1249070.35,5.088270826,58.57,13.961904039032033,30.237816161646155,-32.750553152354975
20210527-09:00,28.24,829166.25,4.812525325,58.27,12.71364503227273,26.973173513293247,-30.139275649025976
20210527-10:00,25.34,422224.95,3.485541565,70.49,10.848688963597404,16.59468183818322,-24.507429963138527
20210527-11:00,25.13,108796.94,3.49859972,72.22,9.668691439861473,17.189772464374293,-22.042514079134197
20210527-12:00,24.93,792.49,4.066693989,74.14,8.835871993180085,21.94660741481499,-20.39161958069697
20210527-13:00,25.01,0.0,4.876494643,75.03,8.335531785628573,30.850081181188994,-19.61398154747619
20210527-14:00,24.15,0.0,5.305431179,79.28,7.666871162729869,37.494443698606865,-17.88526146169264
20210527-15:00,23.41,0.0,5.516493451,79.27,7.329194838490908,41.076205612302275,-16.79389615938961
20210527-16:00,23.61,0.0,5.857729936,73.26,7.415751648789609,46.57257171909928,-17.081014652744585
20210527-17:00,22.67,0.0,6.346904757,70.73,6.952246756189611,56.58533599227991,-15.637077926982686
20210527-18:00,22.68,0.0,6.441746658,69.31,6.953523433771429,58.587053109849705,-15.646348580095239
20210527-19:00,22.64,0.0,6.25703604,73.07,6.906427726649352,54.82941887388973,-15.53928430632035
20210527-20:00,21.68,0.0,5.303055723,78.46,6.994530202563636,38.0998072700678,-15.000407480463204
20210527-21:00,21.76,0.0,5.050792017,80.75,7.079524789800001,34.566950862651254,-15.199207983
20210527-22:00,24.35,101381.54,4.190107397,66.14,9.243094807687445,22.535761549267566,-20.767804168367963
20210527-23:00,24.53,533908.8,4.126172561,66.92,10.744252203659741,21.509604966506878,-23.878890434670993
20210528-00:00,25.05,1122681.57,4.328244448,60.38,12.988961594836361,22.232597161383303,-28.645693291393943
20210528-01:00,25.65,1759813.61,4.695742753,47.46,15.567041273308224,24.500391429035364,-34.07898867297402
20210528-02:00,28.46,2325170.78,5.17849399,24.03,18.87762871682251,27.730010092184894,-42.231951902640695
20210528-03:00,28.24,2739581.12,5.08495821,24.22,20.244858244562767,26.049645685698742,-44.81398085839827
20210528-04:00,28.11,2975247.74,4.752315225,26.08,21.120389045952383,21.604768943605126,-46.442193517857135
20210528-05:00,29.05,3018763.42,4.27948595,23.87,21.90381420229437,15.856081767160665,-48.467681438744584
20210528-06:00,29.01,2816557.07,3.96233517,24.96,21.3661873997316,13.21547952224681,-47.31839161701299
20210528-07:00,29.0,2470974.33,3.718776681,26.56,20.29518522127013,11.728416541788464,-45.14226430687879
20210528-08:00,28.59,1961384.28,3.323853186,29.75,18.592077246841562,9.929875721063532,-41.4446827066407
20210528-09:00,28.46,1351817.94,2.018539076,33.44,17.162468821932464,5.68277328792345,-38.29184892226839
20210528-10:00,23.32,715148.22,1.631103921,55.33,12.951268943503894,8.787367725073272,-26.894343086792205
20210528-11:00,21.85,193191.15,2.741477704,57.27,10.049603358119482,12.83768853542893,-20.42828147781818
20210528-12:00,21.73,1098.01,2.37303603,59.78,9.498279973774892,11.94313431635914,-19.21025806264069
20210528-13:00,23.51,0.0,1.46,53.39,10.799974025974025,9.073894857142857,-22.64995670995671
20210528-14:00,21.41,0.0,0.919238816,63.89,10.115339827283117,10.067462275377977,-20.00889971213853
20210528-15:00,19.74,0.0,2.322606295,74.06,8.399942716506493,13.473898639850049,-15.957047384653679
20210528-16:00,18.33,0.0,2.126029163,86.65,7.624512372329869,14.326949681714034,-13.657520620549782
20210528-17:00,18.2,0.0,2.457335956,83.91,7.495338686140259,15.101308109177412,-13.349374000709957
20210528-18:00,18.22,0.0,2.51753848,78.65,7.669866522389611,14.88891200450341,-13.654539442077919
20210528-19:00,18.45,0.0,2.811351988,73.26,7.769292703303895,15.542092960035895,-13.984535457887445
20210528-20:00,17.66,0.0,3.000416638,74.18,7.394295471745454,16.710617026454578,-12.795254357670995
20210528-21:00,17.28,0.0,3.113534968,71.81,7.310190707511688,17.211180136798408,-12.383651179186149
20210528-22:00,22.79,120665.01,3.261564042,74.87,9.078654898176621,16.575206724115624,-19.400878016008658
20210528-23:00,23.23,540045.26,2.981358751,74.71,10.776660291391345,14.527452164753557,-23.01115077454112
